2024-09-22 11:35:02,upload,Uploading diagnostic_report_report.csv to https://ocr-swingbell.s3.ap-southeast-2.amazonaws.com/branch_id_6/diagnostic_report_report.csv,success
2024-09-22 11:35:03,download,Downloading https://ocr-swingbell.s3.ap-southeast-2.amazonaws.com/branch_id_6/diagnostic_report_report.csv to downloads/diagnostic_report_report.csv,success
2024-09-22 11:35:04,upload,Uploading diagnostic_report_detail_report.csv to https://ocr-swingbell.s3.ap-southeast-2.amazonaws.com/branch_id_6/diagnostic_report_detail_report.csv,success
2024-09-22 11:35:05,download,Downloading https://ocr-swingbell.s3.ap-southeast-2.amazonaws.com/branch_id_6/diagnostic_report_detail_report.csv to downloads/diagnostic_report_detail_report.csv,success
2024-09-22 11:35:05,upload,Uploading diagnostic_report_diagnostic_report_detail_report.csv to https://ocr-swingbell.s3.ap-southeast-2.amazonaws.com/branch_id_6/diagnostic_report_diagnostic_report_detail_report.csv,success
2024-09-22 11:35:06,download,Downloading https://ocr-swingbell.s3.ap-southeast-2.amazonaws.com/branch_id_6/diagnostic_report_diagnostic_report_detail_report.csv to downloads/diagnostic_report_diagnostic_report_detail_report.csv,success
2024-09-22 11:35:07,upload,Uploading combined_diagnostic_report_report.csv to https://ocr-swingbell.s3.ap-southeast-2.amazonaws.com/branch_id_6/combined_diagnostic_report_report.csv,success
2024-09-22 11:35:08,download,Downloading https://ocr-swingbell.s3.ap-southeast-2.amazonaws.com/branch_id_6/combined_diagnostic_report_report.csv to downloads/combined_diagnostic_report_report.csv,success
2024-09-22 11:35:09,upload,Uploading combined_immunization_report.csv to https://ocr-swingbell.s3.ap-southeast-2.amazonaws.com/branch_id_6/combined_immunization_report.csv,success
2024-09-22 11:35:09,download,Downloading https://ocr-swingbell.s3.ap-southeast-2.amazonaws.com/branch_id_6/combined_immunization_report.csv to downloads/combined_immunization_report.csv,success
2024-09-22 11:35:10,upload,Uploading immunization_completion_report.csv to https://ocr-swingbell.s3.ap-southeast-2.amazonaws.com/branch_id_6/immunization_completion_report.csv,success
2024-09-22 11:35:10,download,Downloading https://ocr-swingbell.s3.ap-southeast-2.amazonaws.com/branch_id_6/immunization_completion_report.csv to downloads/immunization_completion_report.csv,success
2024-09-22 11:35:10,upload,Uploading immunization_recommendation_report.csv to https://ocr-swingbell.s3.ap-southeast-2.amazonaws.com/branch_id_6/immunization_recommendation_report.csv,success
2024-09-22 11:35:11,download,Downloading https://ocr-swingbell.s3.ap-southeast-2.amazonaws.com/branch_id_6/immunization_recommendation_report.csv to downloads/immunization_recommendation_report.csv,success
2024-09-22 11:35:12,upload,Uploading immunization_report_report.csv to https://ocr-swingbell.s3.ap-southeast-2.amazonaws.com/branch_id_6/immunization_report_report.csv,success
2024-09-22 11:35:12,download,Downloading https://ocr-swingbell.s3.ap-southeast-2.amazonaws.com/branch_id_6/immunization_report_report.csv to downloads/immunization_report_report.csv,success
2024-09-22 11:35:13,upload,Uploading immunization_report_immunization_completion_report.csv to https://ocr-swingbell.s3.ap-southeast-2.amazonaws.com/branch_id_6/immunization_report_immunization_completion_report.csv,success
2024-09-22 11:35:13,download,Downloading https://ocr-swingbell.s3.ap-southeast-2.amazonaws.com/branch_id_6/immunization_report_immunization_completion_report.csv to downloads/immunization_report_immunization_completion_report.csv,success
2024-09-22 11:35:13,upload,Uploading immunization_report_immunization_recommendation_report.csv to https://ocr-swingbell.s3.ap-southeast-2.amazonaws.com/branch_id_6/immunization_report_immunization_recommendation_report.csv,success
2024-09-22 11:35:14,download,Downloading https://ocr-swingbell.s3.ap-southeast-2.amazonaws.com/branch_id_6/immunization_report_immunization_recommendation_report.csv to downloads/immunization_report_immunization_recommendation_report.csv,success
2024-09-22 11:35:14,upload,Uploading prescription_report.csv to https://ocr-swingbell.s3.ap-southeast-2.amazonaws.com/branch_id_6/prescription_report.csv,success
2024-09-22 11:35:15,download,Downloading https://ocr-swingbell.s3.ap-southeast-2.amazonaws.com/branch_id_6/prescription_report.csv to downloads/prescription_report.csv,success
2024-09-22 11:35:15,upload,Uploading prescription_condition_report.csv to https://ocr-swingbell.s3.ap-southeast-2.amazonaws.com/branch_id_6/prescription_condition_report.csv,success
2024-09-22 11:35:16,download,Downloading https://ocr-swingbell.s3.ap-southeast-2.amazonaws.com/branch_id_6/prescription_condition_report.csv to downloads/prescription_condition_report.csv,success
2024-09-22 11:35:16,upload,Uploading prescription_medication_report.csv to https://ocr-swingbell.s3.ap-southeast-2.amazonaws.com/branch_id_6/prescription_medication_report.csv,success
2024-09-22 11:35:16,download,Downloading https://ocr-swingbell.s3.ap-southeast-2.amazonaws.com/branch_id_6/prescription_medication_report.csv to downloads/prescription_medication_report.csv,success
2024-09-22 11:35:17,upload,Uploading prescription_prescription_condition_report.csv to https://ocr-swingbell.s3.ap-southeast-2.amazonaws.com/branch_id_6/prescription_prescription_condition_report.csv,success
2024-09-22 11:35:17,download,Downloading https://ocr-swingbell.s3.ap-southeast-2.amazonaws.com/branch_id_6/prescription_prescription_condition_report.csv to downloads/prescription_prescription_condition_report.csv,success
2024-09-22 11:35:18,upload,Uploading prescription_prescription_medication_report.csv to https://ocr-swingbell.s3.ap-southeast-2.amazonaws.com/branch_id_6/prescription_prescription_medication_report.csv,success
2024-09-22 11:35:18,download,Downloading https://ocr-swingbell.s3.ap-southeast-2.amazonaws.com/branch_id_6/prescription_prescription_medication_report.csv to downloads/prescription_prescription_medication_report.csv,success
2024-09-22 11:35:19,upload,Uploading combined_prescription_report.csv to https://ocr-swingbell.s3.ap-southeast-2.amazonaws.com/branch_id_6/combined_prescription_report.csv,success
2024-09-22 11:35:19,download,Downloading https://ocr-swingbell.s3.ap-southeast-2.amazonaws.com/branch_id_6/combined_prescription_report.csv to downloads/combined_prescription_report.csv,success
2024-09-22 11:35:19,upload,Uploading patient_care_consultations_report.csv to https://ocr-swingbell.s3.ap-southeast-2.amazonaws.com/branch_id_6/patient_care_consultations_report.csv,success
2024-09-22 11:35:20,download,Downloading https://ocr-swingbell.s3.ap-southeast-2.amazonaws.com/branch_id_6/patient_care_consultations_report.csv to downloads/patient_care_consultations_report.csv,success
2024-09-22 11:35:20,upload,Uploading patient_care_consumables_report.csv to https://ocr-swingbell.s3.ap-southeast-2.amazonaws.com/branch_id_6/patient_care_consumables_report.csv,success
2024-09-22 11:35:21,download,Downloading https://ocr-swingbell.s3.ap-southeast-2.amazonaws.com/branch_id_6/patient_care_consumables_report.csv to downloads/patient_care_consumables_report.csv,success
2024-09-22 11:35:21,upload,Uploading patient_care_lab_tests_report.csv to https://ocr-swingbell.s3.ap-southeast-2.amazonaws.com/branch_id_6/patient_care_lab_tests_report.csv,success
2024-09-22 11:35:22,download,Downloading https://ocr-swingbell.s3.ap-southeast-2.amazonaws.com/branch_id_6/patient_care_lab_tests_report.csv to downloads/patient_care_lab_tests_report.csv,success
2024-09-22 11:35:22,upload,Uploading patient_care_vaccinations_report.csv to https://ocr-swingbell.s3.ap-southeast-2.amazonaws.com/branch_id_6/patient_care_vaccinations_report.csv,success
2024-09-22 11:35:22,download,Downloading https://ocr-swingbell.s3.ap-southeast-2.amazonaws.com/branch_id_6/patient_care_vaccinations_report.csv to downloads/patient_care_vaccinations_report.csv,success
2024-09-22 11:35:23,upload,Uploading patient_care_vitals_report.csv to https://ocr-swingbell.s3.ap-southeast-2.amazonaws.com/branch_id_6/patient_care_vitals_report.csv,success
2024-09-22 11:35:23,download,Downloading https://ocr-swingbell.s3.ap-southeast-2.amazonaws.com/branch_id_6/patient_care_vitals_report.csv to downloads/patient_care_vitals_report.csv,success
2024-09-22 11:35:24,upload,Uploading patient_care_report.csv to https://ocr-swingbell.s3.ap-southeast-2.amazonaws.com/branch_id_6/patient_care_report.csv,success
2024-09-22 11:35:24,download,Downloading https://ocr-swingbell.s3.ap-southeast-2.amazonaws.com/branch_id_6/patient_care_report.csv to downloads/patient_care_report.csv,success
2024-09-22 11:35:24,upload,Uploading combined_patient_care_report.csv to https://ocr-swingbell.s3.ap-southeast-2.amazonaws.com/branch_id_6/combined_patient_care_report.csv,success
2024-09-22 11:35:25,download,Downloading https://ocr-swingbell.s3.ap-southeast-2.amazonaws.com/branch_id_6/combined_patient_care_report.csv to downloads/combined_patient_care_report.csv,success
2024-09-22 11:35:25,upload,Uploading consultation_report.csv to https://ocr-swingbell.s3.ap-southeast-2.amazonaws.com/branch_id_6/consultation_report.csv,success
2024-09-22 11:35:26,download,Downloading https://ocr-swingbell.s3.ap-southeast-2.amazonaws.com/branch_id_6/consultation_report.csv to downloads/consultation_report.csv,success
2024-09-22 11:35:26,upload,Uploading consumables_report.csv to https://ocr-swingbell.s3.ap-southeast-2.amazonaws.com/branch_id_6/consumables_report.csv,success
2024-09-22 11:35:27,download,Downloading https://ocr-swingbell.s3.ap-southeast-2.amazonaws.com/branch_id_6/consumables_report.csv to downloads/consumables_report.csv,success
2024-09-22 11:35:27,upload,Uploading vital_info_report.csv to https://ocr-swingbell.s3.ap-southeast-2.amazonaws.com/branch_id_6/vital_info_report.csv,success
2024-09-22 11:35:28,download,Downloading https://ocr-swingbell.s3.ap-southeast-2.amazonaws.com/branch_id_6/vital_info_report.csv to downloads/vital_info_report.csv,success
2024-09-22 11:35:28,upload,Uploading vaccination_report.csv to https://ocr-swingbell.s3.ap-southeast-2.amazonaws.com/branch_id_6/vaccination_report.csv,success
2024-09-22 11:35:29,download,Downloading https://ocr-swingbell.s3.ap-southeast-2.amazonaws.com/branch_id_6/vaccination_report.csv to downloads/vaccination_report.csv,success
2024-09-22 11:35:29,upload,Uploading vital_detail_report.csv to https://ocr-swingbell.s3.ap-southeast-2.amazonaws.com/branch_id_6/vital_detail_report.csv,success
2024-09-22 11:35:30,download,Downloading https://ocr-swingbell.s3.ap-southeast-2.amazonaws.com/branch_id_6/vital_detail_report.csv to downloads/vital_detail_report.csv,success
2024-09-22 11:35:30,upload,Uploading patient_profile_report.csv to https://ocr-swingbell.s3.ap-southeast-2.amazonaws.com/branch_id_6/patient_profile_report.csv,success
2024-09-22 11:35:31,download,Downloading https://ocr-swingbell.s3.ap-southeast-2.amazonaws.com/branch_id_6/patient_profile_report.csv to downloads/patient_profile_report.csv,success
2024-09-22 11:35:31,upload,Uploading patient_queue_report.csv to https://ocr-swingbell.s3.ap-southeast-2.amazonaws.com/branch_id_6/patient_queue_report.csv,success
2024-09-22 11:35:32,download,Downloading https://ocr-swingbell.s3.ap-southeast-2.amazonaws.com/branch_id_6/patient_queue_report.csv to downloads/patient_queue_report.csv,success
2024-09-22 11:35:32,upload,Uploading patient_visit_report.csv to https://ocr-swingbell.s3.ap-southeast-2.amazonaws.com/branch_id_6/patient_visit_report.csv,success
2024-09-22 11:35:33,download,Downloading https://ocr-swingbell.s3.ap-southeast-2.amazonaws.com/branch_id_6/patient_visit_report.csv to downloads/patient_visit_report.csv,success
2024-09-22 11:35:34,upload,Uploading op_consultation_report.csv to https://ocr-swingbell.s3.ap-southeast-2.amazonaws.com/branch_id_6/op_consultation_report.csv,success
2024-09-22 11:35:35,download,Downloading https://ocr-swingbell.s3.ap-southeast-2.amazonaws.com/branch_id_6/op_consultation_report.csv to downloads/op_consultation_report.csv,success
2024-09-22 11:35:35,upload,Uploading medical_history_report.csv to https://ocr-swingbell.s3.ap-southeast-2.amazonaws.com/branch_id_6/medical_history_report.csv,success
2024-09-22 11:35:36,download,Downloading https://ocr-swingbell.s3.ap-southeast-2.amazonaws.com/branch_id_6/medical_history_report.csv to downloads/medical_history_report.csv,success
2024-09-22 11:35:37,upload,Uploading consent_request_report.csv to https://ocr-swingbell.s3.ap-southeast-2.amazonaws.com/branch_id_6/consent_request_report.csv,success
2024-09-22 11:35:39,download,Downloading https://ocr-swingbell.s3.ap-southeast-2.amazonaws.com/branch_id_6/consent_request_report.csv to downloads/consent_request_report.csv,success
2024-09-22 11:35:40,upload,Uploading consolidated_report_report.csv to https://ocr-swingbell.s3.ap-southeast-2.amazonaws.com/branch_id_6/consolidated_report_report.csv,success
2024-09-22 11:35:40,download,Downloading https://ocr-swingbell.s3.ap-southeast-2.amazonaws.com/branch_id_6/consolidated_report_report.csv to downloads/consolidated_report_report.csv,success
2024-09-22 11:35:41,upload,Uploading discover_and_link_report.csv to https://ocr-swingbell.s3.ap-southeast-2.amazonaws.com/branch_id_6/discover_and_link_report.csv,success
2024-09-22 11:35:41,download,Downloading https://ocr-swingbell.s3.ap-southeast-2.amazonaws.com/branch_id_6/discover_and_link_report.csv to downloads/discover_and_link_report.csv,success
2024-09-22 11:35:42,upload,Uploading health_professional_report.csv to https://ocr-swingbell.s3.ap-southeast-2.amazonaws.com/branch_id_6/health_professional_report.csv,success
2024-09-22 11:35:42,download,Downloading https://ocr-swingbell.s3.ap-southeast-2.amazonaws.com/branch_id_6/health_professional_report.csv to downloads/health_professional_report.csv,success
2024-09-22 11:35:43,upload,Uploading hip_data_push_notification_report.csv to https://ocr-swingbell.s3.ap-southeast-2.amazonaws.com/branch_id_6/hip_data_push_notification_report.csv,success
2024-09-22 11:35:43,download,Downloading https://ocr-swingbell.s3.ap-southeast-2.amazonaws.com/branch_id_6/hip_data_push_notification_report.csv to downloads/hip_data_push_notification_report.csv,success
2024-09-22 11:35:43,upload,Uploading hip_data_push_request_report.csv to https://ocr-swingbell.s3.ap-southeast-2.amazonaws.com/branch_id_6/hip_data_push_request_report.csv,success
2024-09-22 11:35:44,download,Downloading https://ocr-swingbell.s3.ap-southeast-2.amazonaws.com/branch_id_6/hip_data_push_request_report.csv to downloads/hip_data_push_request_report.csv,success
2024-09-22 11:35:44,upload,Uploading combined_facility_report.csv to https://ocr-swingbell.s3.ap-southeast-2.amazonaws.com/branch_id_6/combined_facility_report.csv,success
2024-09-22 11:35:45,download,Downloading https://ocr-swingbell.s3.ap-southeast-2.amazonaws.com/branch_id_6/combined_facility_report.csv to downloads/combined_facility_report.csv,success
2024-09-22 11:40:59,upload,Uploading diagnostic_report_report.csv to https://ocr-swingbell.s3.ap-southeast-2.amazonaws.com/branch_id_6/diagnostic_report_report.csv,success
2024-09-22 11:40:59,download,CSV report for diagnostic_report uploaded to https://ocr-swingbell.s3.ap-southeast-2.amazonaws.com/branch_id_6/diagnostic_report_report.csv,success
2024-09-22 11:40:59,upload,The file was not found,failure
2024-09-22 11:41:12,upload,Uploading diagnostic_report_report.csv to https://ocr-swingbell.s3.ap-southeast-2.amazonaws.com/branch_id_6/diagnostic_report_report.csv,success
2024-09-22 11:41:12,download,CSV report for diagnostic_report uploaded to https://ocr-swingbell.s3.ap-southeast-2.amazonaws.com/branch_id_6/diagnostic_report_report.csv,success
2024-09-22 11:41:12,upload,The file was not found,failure
2024-09-22 11:43:52,upload,Uploading diagnostic_report_report.csv to https://ocr-swingbell.s3.ap-southeast-2.amazonaws.com/branch_id_6/diagnostic_report_report.csv,success
2024-09-22 11:43:53,upload,Uploading 6_log_file.csv to https://ocr-swingbell.s3.ap-southeast-2.amazonaws.com/branch_id_6/6_log_file.csv,success
2024-09-22 11:43:53,download,Downloading https://ocr-swingbell.s3.ap-southeast-2.amazonaws.com/branch_id_6/diagnostic_report_report.csv to downloads/diagnostic_report_report.csv,success
2024-09-22 11:43:55,upload,Uploading diagnostic_report_detail_report.csv to https://ocr-swingbell.s3.ap-southeast-2.amazonaws.com/branch_id_6/diagnostic_report_detail_report.csv,success
2024-09-22 11:43:55,upload,Uploading 6_log_file.csv to https://ocr-swingbell.s3.ap-southeast-2.amazonaws.com/branch_id_6/6_log_file.csv,success
2024-09-22 11:43:56,download,Downloading https://ocr-swingbell.s3.ap-southeast-2.amazonaws.com/branch_id_6/diagnostic_report_detail_report.csv to downloads/diagnostic_report_detail_report.csv,success
2024-09-22 11:43:56,upload,Uploading diagnostic_report_diagnostic_report_detail_report.csv to https://ocr-swingbell.s3.ap-southeast-2.amazonaws.com/branch_id_6/diagnostic_report_diagnostic_report_detail_report.csv,success
2024-09-22 11:43:57,upload,Uploading 6_log_file.csv to https://ocr-swingbell.s3.ap-southeast-2.amazonaws.com/branch_id_6/6_log_file.csv,success
2024-09-22 11:43:57,download,Downloading https://ocr-swingbell.s3.ap-southeast-2.amazonaws.com/branch_id_6/diagnostic_report_diagnostic_report_detail_report.csv to downloads/diagnostic_report_diagnostic_report_detail_report.csv,success
2024-09-22 11:43:59,upload,Uploading combined_diagnostic_report_report.csv to https://ocr-swingbell.s3.ap-southeast-2.amazonaws.com/branch_id_6/combined_diagnostic_report_report.csv,success
2024-09-22 11:43:59,upload,Uploading 6_log_file.csv to https://ocr-swingbell.s3.ap-southeast-2.amazonaws.com/branch_id_6/6_log_file.csv,success
2024-09-22 11:44:00,download,Downloading https://ocr-swingbell.s3.ap-southeast-2.amazonaws.com/branch_id_6/combined_diagnostic_report_report.csv to downloads/combined_diagnostic_report_report.csv,success
2024-09-22 11:44:01,upload,Uploading combined_immunization_report.csv to https://ocr-swingbell.s3.ap-southeast-2.amazonaws.com/branch_id_6/combined_immunization_report.csv,success
2024-09-22 11:44:01,upload,Uploading 6_log_file.csv to https://ocr-swingbell.s3.ap-southeast-2.amazonaws.com/branch_id_6/6_log_file.csv,success
2024-09-22 11:44:02,download,Downloading https://ocr-swingbell.s3.ap-southeast-2.amazonaws.com/branch_id_6/combined_immunization_report.csv to downloads/combined_immunization_report.csv,success
2024-09-22 11:44:02,upload,Uploading immunization_completion_report.csv to https://ocr-swingbell.s3.ap-southeast-2.amazonaws.com/branch_id_6/immunization_completion_report.csv,success
2024-09-22 11:44:03,upload,Uploading 6_log_file.csv to https://ocr-swingbell.s3.ap-southeast-2.amazonaws.com/branch_id_6/6_log_file.csv,success
2024-09-22 11:44:03,download,Downloading https://ocr-swingbell.s3.ap-southeast-2.amazonaws.com/branch_id_6/immunization_completion_report.csv to downloads/immunization_completion_report.csv,success
2024-09-22 11:44:04,upload,Uploading immunization_recommendation_report.csv to https://ocr-swingbell.s3.ap-southeast-2.amazonaws.com/branch_id_6/immunization_recommendation_report.csv,success
2024-09-22 11:44:04,upload,Uploading 6_log_file.csv to https://ocr-swingbell.s3.ap-southeast-2.amazonaws.com/branch_id_6/6_log_file.csv,success
2024-09-22 11:44:04,download,Downloading https://ocr-swingbell.s3.ap-southeast-2.amazonaws.com/branch_id_6/immunization_recommendation_report.csv to downloads/immunization_recommendation_report.csv,success
2024-09-22 11:44:05,upload,Uploading immunization_report_report.csv to https://ocr-swingbell.s3.ap-southeast-2.amazonaws.com/branch_id_6/immunization_report_report.csv,success
2024-09-22 11:44:05,upload,Uploading 6_log_file.csv to https://ocr-swingbell.s3.ap-southeast-2.amazonaws.com/branch_id_6/6_log_file.csv,success
2024-09-22 11:44:06,download,Downloading https://ocr-swingbell.s3.ap-southeast-2.amazonaws.com/branch_id_6/immunization_report_report.csv to downloads/immunization_report_report.csv,success
2024-09-22 11:44:06,upload,Uploading immunization_report_immunization_completion_report.csv to https://ocr-swingbell.s3.ap-southeast-2.amazonaws.com/branch_id_6/immunization_report_immunization_completion_report.csv,success
2024-09-22 11:44:07,upload,Uploading 6_log_file.csv to https://ocr-swingbell.s3.ap-southeast-2.amazonaws.com/branch_id_6/6_log_file.csv,success
2024-09-22 11:44:07,download,Downloading https://ocr-swingbell.s3.ap-southeast-2.amazonaws.com/branch_id_6/immunization_report_immunization_completion_report.csv to downloads/immunization_report_immunization_completion_report.csv,success
2024-09-22 11:44:07,upload,Uploading immunization_report_immunization_recommendation_report.csv to https://ocr-swingbell.s3.ap-southeast-2.amazonaws.com/branch_id_6/immunization_report_immunization_recommendation_report.csv,success
2024-09-22 11:44:08,upload,Uploading 6_log_file.csv to https://ocr-swingbell.s3.ap-southeast-2.amazonaws.com/branch_id_6/6_log_file.csv,success
2024-09-22 11:44:09,download,Downloading https://ocr-swingbell.s3.ap-southeast-2.amazonaws.com/branch_id_6/immunization_report_immunization_recommendation_report.csv to downloads/immunization_report_immunization_recommendation_report.csv,success
2024-09-22 11:44:09,upload,Uploading prescription_report.csv to https://ocr-swingbell.s3.ap-southeast-2.amazonaws.com/branch_id_6/prescription_report.csv,success
2024-09-22 11:44:10,upload,Uploading 6_log_file.csv to https://ocr-swingbell.s3.ap-southeast-2.amazonaws.com/branch_id_6/6_log_file.csv,success
2024-09-22 11:44:10,download,Downloading https://ocr-swingbell.s3.ap-southeast-2.amazonaws.com/branch_id_6/prescription_report.csv to downloads/prescription_report.csv,success
2024-09-22 11:44:11,upload,Uploading prescription_condition_report.csv to https://ocr-swingbell.s3.ap-southeast-2.amazonaws.com/branch_id_6/prescription_condition_report.csv,success
2024-09-22 11:44:11,upload,Uploading 6_log_file.csv to https://ocr-swingbell.s3.ap-southeast-2.amazonaws.com/branch_id_6/6_log_file.csv,success
2024-09-22 11:44:11,download,Downloading https://ocr-swingbell.s3.ap-southeast-2.amazonaws.com/branch_id_6/prescription_condition_report.csv to downloads/prescription_condition_report.csv,success
2024-09-22 11:44:12,upload,Uploading prescription_medication_report.csv to https://ocr-swingbell.s3.ap-southeast-2.amazonaws.com/branch_id_6/prescription_medication_report.csv,success
2024-09-22 11:44:12,upload,Uploading 6_log_file.csv to https://ocr-swingbell.s3.ap-southeast-2.amazonaws.com/branch_id_6/6_log_file.csv,success
2024-09-22 11:44:13,download,Downloading https://ocr-swingbell.s3.ap-southeast-2.amazonaws.com/branch_id_6/prescription_medication_report.csv to downloads/prescription_medication_report.csv,success
2024-09-22 11:44:13,upload,Uploading prescription_prescription_condition_report.csv to https://ocr-swingbell.s3.ap-southeast-2.amazonaws.com/branch_id_6/prescription_prescription_condition_report.csv,success
2024-09-22 11:44:14,upload,Uploading 6_log_file.csv to https://ocr-swingbell.s3.ap-southeast-2.amazonaws.com/branch_id_6/6_log_file.csv,success
2024-09-22 11:44:14,download,Downloading https://ocr-swingbell.s3.ap-southeast-2.amazonaws.com/branch_id_6/prescription_prescription_condition_report.csv to downloads/prescription_prescription_condition_report.csv,success
2024-09-22 11:44:15,upload,Uploading prescription_prescription_medication_report.csv to https://ocr-swingbell.s3.ap-southeast-2.amazonaws.com/branch_id_6/prescription_prescription_medication_report.csv,success
2024-09-22 11:44:16,upload,Uploading 6_log_file.csv to https://ocr-swingbell.s3.ap-southeast-2.amazonaws.com/branch_id_6/6_log_file.csv,success
2024-09-22 11:44:16,download,Downloading https://ocr-swingbell.s3.ap-southeast-2.amazonaws.com/branch_id_6/prescription_prescription_medication_report.csv to downloads/prescription_prescription_medication_report.csv,success
2024-09-22 11:44:17,upload,Uploading combined_prescription_report.csv to https://ocr-swingbell.s3.ap-southeast-2.amazonaws.com/branch_id_6/combined_prescription_report.csv,success
2024-09-22 11:44:17,upload,Uploading 6_log_file.csv to https://ocr-swingbell.s3.ap-southeast-2.amazonaws.com/branch_id_6/6_log_file.csv,success
2024-09-22 11:44:18,download,Downloading https://ocr-swingbell.s3.ap-southeast-2.amazonaws.com/branch_id_6/combined_prescription_report.csv to downloads/combined_prescription_report.csv,success
2024-09-22 11:44:19,upload,Uploading patient_care_consultations_report.csv to https://ocr-swingbell.s3.ap-southeast-2.amazonaws.com/branch_id_6/patient_care_consultations_report.csv,success
2024-09-22 11:44:19,upload,Uploading 6_log_file.csv to https://ocr-swingbell.s3.ap-southeast-2.amazonaws.com/branch_id_6/6_log_file.csv,success
2024-09-22 11:44:19,download,Downloading https://ocr-swingbell.s3.ap-southeast-2.amazonaws.com/branch_id_6/patient_care_consultations_report.csv to downloads/patient_care_consultations_report.csv,success
2024-09-22 11:44:20,upload,Uploading patient_care_consumables_report.csv to https://ocr-swingbell.s3.ap-southeast-2.amazonaws.com/branch_id_6/patient_care_consumables_report.csv,success
2024-09-22 11:44:20,upload,Uploading 6_log_file.csv to https://ocr-swingbell.s3.ap-southeast-2.amazonaws.com/branch_id_6/6_log_file.csv,success
2024-09-22 11:44:21,download,Downloading https://ocr-swingbell.s3.ap-southeast-2.amazonaws.com/branch_id_6/patient_care_consumables_report.csv to downloads/patient_care_consumables_report.csv,success
2024-09-22 11:44:21,upload,Uploading patient_care_lab_tests_report.csv to https://ocr-swingbell.s3.ap-southeast-2.amazonaws.com/branch_id_6/patient_care_lab_tests_report.csv,success
2024-09-22 11:44:22,upload,Uploading 6_log_file.csv to https://ocr-swingbell.s3.ap-southeast-2.amazonaws.com/branch_id_6/6_log_file.csv,success
2024-09-22 11:44:22,download,Downloading https://ocr-swingbell.s3.ap-southeast-2.amazonaws.com/branch_id_6/patient_care_lab_tests_report.csv to downloads/patient_care_lab_tests_report.csv,success
2024-09-22 11:44:22,upload,Uploading patient_care_vaccinations_report.csv to https://ocr-swingbell.s3.ap-southeast-2.amazonaws.com/branch_id_6/patient_care_vaccinations_report.csv,success
2024-09-22 11:44:23,upload,Uploading 6_log_file.csv to https://ocr-swingbell.s3.ap-southeast-2.amazonaws.com/branch_id_6/6_log_file.csv,success
2024-09-22 11:44:23,download,Downloading https://ocr-swingbell.s3.ap-southeast-2.amazonaws.com/branch_id_6/patient_care_vaccinations_report.csv to downloads/patient_care_vaccinations_report.csv,success
2024-09-22 11:44:24,upload,Uploading patient_care_vitals_report.csv to https://ocr-swingbell.s3.ap-southeast-2.amazonaws.com/branch_id_6/patient_care_vitals_report.csv,success
2024-09-22 11:44:24,upload,Uploading 6_log_file.csv to https://ocr-swingbell.s3.ap-southeast-2.amazonaws.com/branch_id_6/6_log_file.csv,success
2024-09-22 11:44:24,download,Downloading https://ocr-swingbell.s3.ap-southeast-2.amazonaws.com/branch_id_6/patient_care_vitals_report.csv to downloads/patient_care_vitals_report.csv,success
2024-09-22 11:44:25,upload,Uploading patient_care_report.csv to https://ocr-swingbell.s3.ap-southeast-2.amazonaws.com/branch_id_6/patient_care_report.csv,success
2024-09-22 11:44:25,upload,Uploading 6_log_file.csv to https://ocr-swingbell.s3.ap-southeast-2.amazonaws.com/branch_id_6/6_log_file.csv,success
2024-09-22 11:44:26,download,Downloading https://ocr-swingbell.s3.ap-southeast-2.amazonaws.com/branch_id_6/patient_care_report.csv to downloads/patient_care_report.csv,success
2024-09-22 11:44:26,upload,Uploading combined_patient_care_report.csv to https://ocr-swingbell.s3.ap-southeast-2.amazonaws.com/branch_id_6/combined_patient_care_report.csv,success
2024-09-22 11:44:26,upload,Uploading 6_log_file.csv to https://ocr-swingbell.s3.ap-southeast-2.amazonaws.com/branch_id_6/6_log_file.csv,success
2024-09-22 11:44:27,download,Downloading https://ocr-swingbell.s3.ap-southeast-2.amazonaws.com/branch_id_6/combined_patient_care_report.csv to downloads/combined_patient_care_report.csv,success
2024-09-22 11:44:27,upload,Uploading consultation_report.csv to https://ocr-swingbell.s3.ap-southeast-2.amazonaws.com/branch_id_6/consultation_report.csv,success
2024-09-22 11:44:28,upload,Uploading 6_log_file.csv to https://ocr-swingbell.s3.ap-southeast-2.amazonaws.com/branch_id_6/6_log_file.csv,success
2024-09-22 11:44:28,download,Downloading https://ocr-swingbell.s3.ap-southeast-2.amazonaws.com/branch_id_6/consultation_report.csv to downloads/consultation_report.csv,success
2024-09-22 11:44:28,upload,Uploading consumables_report.csv to https://ocr-swingbell.s3.ap-southeast-2.amazonaws.com/branch_id_6/consumables_report.csv,success
2024-09-22 11:44:29,upload,Uploading 6_log_file.csv to https://ocr-swingbell.s3.ap-southeast-2.amazonaws.com/branch_id_6/6_log_file.csv,success
2024-09-22 11:44:29,download,Downloading https://ocr-swingbell.s3.ap-southeast-2.amazonaws.com/branch_id_6/consumables_report.csv to downloads/consumables_report.csv,success
2024-09-22 11:44:31,upload,Uploading vital_info_report.csv to https://ocr-swingbell.s3.ap-southeast-2.amazonaws.com/branch_id_6/vital_info_report.csv,success
2024-09-22 11:44:31,upload,Uploading 6_log_file.csv to https://ocr-swingbell.s3.ap-southeast-2.amazonaws.com/branch_id_6/6_log_file.csv,success
2024-09-22 11:44:31,download,Downloading https://ocr-swingbell.s3.ap-southeast-2.amazonaws.com/branch_id_6/vital_info_report.csv to downloads/vital_info_report.csv,success
2024-09-22 11:44:32,upload,Uploading vaccination_report.csv to https://ocr-swingbell.s3.ap-southeast-2.amazonaws.com/branch_id_6/vaccination_report.csv,success
2024-09-22 11:44:32,upload,Uploading 6_log_file.csv to https://ocr-swingbell.s3.ap-southeast-2.amazonaws.com/branch_id_6/6_log_file.csv,success
2024-09-22 11:44:33,download,Downloading https://ocr-swingbell.s3.ap-southeast-2.amazonaws.com/branch_id_6/vaccination_report.csv to downloads/vaccination_report.csv,success
2024-09-22 11:44:33,upload,Uploading vital_detail_report.csv to https://ocr-swingbell.s3.ap-southeast-2.amazonaws.com/branch_id_6/vital_detail_report.csv,success
2024-09-22 11:44:34,upload,Uploading 6_log_file.csv to https://ocr-swingbell.s3.ap-southeast-2.amazonaws.com/branch_id_6/6_log_file.csv,success
2024-09-22 11:44:34,download,Downloading https://ocr-swingbell.s3.ap-southeast-2.amazonaws.com/branch_id_6/vital_detail_report.csv to downloads/vital_detail_report.csv,success
2024-09-22 11:44:35,upload,Uploading patient_profile_report.csv to https://ocr-swingbell.s3.ap-southeast-2.amazonaws.com/branch_id_6/patient_profile_report.csv,success
2024-09-22 11:44:35,upload,Uploading 6_log_file.csv to https://ocr-swingbell.s3.ap-southeast-2.amazonaws.com/branch_id_6/6_log_file.csv,success
2024-09-22 11:44:36,download,Downloading https://ocr-swingbell.s3.ap-southeast-2.amazonaws.com/branch_id_6/patient_profile_report.csv to downloads/patient_profile_report.csv,success
2024-09-22 11:44:37,upload,Uploading patient_queue_report.csv to https://ocr-swingbell.s3.ap-southeast-2.amazonaws.com/branch_id_6/patient_queue_report.csv,success
2024-09-22 11:44:37,upload,Uploading 6_log_file.csv to https://ocr-swingbell.s3.ap-southeast-2.amazonaws.com/branch_id_6/6_log_file.csv,success
2024-09-22 11:44:37,download,Downloading https://ocr-swingbell.s3.ap-southeast-2.amazonaws.com/branch_id_6/patient_queue_report.csv to downloads/patient_queue_report.csv,success
2024-09-22 11:44:38,upload,Uploading patient_visit_report.csv to https://ocr-swingbell.s3.ap-southeast-2.amazonaws.com/branch_id_6/patient_visit_report.csv,success
2024-09-22 11:44:38,upload,Uploading 6_log_file.csv to https://ocr-swingbell.s3.ap-southeast-2.amazonaws.com/branch_id_6/6_log_file.csv,success
2024-09-22 11:44:39,download,Downloading https://ocr-swingbell.s3.ap-southeast-2.amazonaws.com/branch_id_6/patient_visit_report.csv to downloads/patient_visit_report.csv,success
2024-09-22 11:44:39,upload,Uploading op_consultation_report.csv to https://ocr-swingbell.s3.ap-southeast-2.amazonaws.com/branch_id_6/op_consultation_report.csv,success
2024-09-22 11:44:40,upload,Uploading 6_log_file.csv to https://ocr-swingbell.s3.ap-southeast-2.amazonaws.com/branch_id_6/6_log_file.csv,success
2024-09-22 11:44:40,download,Downloading https://ocr-swingbell.s3.ap-southeast-2.amazonaws.com/branch_id_6/op_consultation_report.csv to downloads/op_consultation_report.csv,success
2024-09-22 11:44:41,upload,Uploading medical_history_report.csv to https://ocr-swingbell.s3.ap-southeast-2.amazonaws.com/branch_id_6/medical_history_report.csv,success
2024-09-22 11:44:41,upload,Uploading 6_log_file.csv to https://ocr-swingbell.s3.ap-southeast-2.amazonaws.com/branch_id_6/6_log_file.csv,success
2024-09-22 11:44:41,download,Downloading https://ocr-swingbell.s3.ap-southeast-2.amazonaws.com/branch_id_6/medical_history_report.csv to downloads/medical_history_report.csv,success
2024-09-22 11:44:42,upload,Uploading consent_request_report.csv to https://ocr-swingbell.s3.ap-southeast-2.amazonaws.com/branch_id_6/consent_request_report.csv,success
2024-09-22 11:44:43,upload,Uploading 6_log_file.csv to https://ocr-swingbell.s3.ap-southeast-2.amazonaws.com/branch_id_6/6_log_file.csv,success
2024-09-22 11:44:44,download,Downloading https://ocr-swingbell.s3.ap-southeast-2.amazonaws.com/branch_id_6/consent_request_report.csv to downloads/consent_request_report.csv,success
2024-09-22 11:44:45,upload,Uploading consolidated_report_report.csv to https://ocr-swingbell.s3.ap-southeast-2.amazonaws.com/branch_id_6/consolidated_report_report.csv,success
2024-09-22 11:44:45,upload,Uploading 6_log_file.csv to https://ocr-swingbell.s3.ap-southeast-2.amazonaws.com/branch_id_6/6_log_file.csv,success
2024-09-22 11:44:45,download,Downloading https://ocr-swingbell.s3.ap-southeast-2.amazonaws.com/branch_id_6/consolidated_report_report.csv to downloads/consolidated_report_report.csv,success
2024-09-22 11:44:46,upload,Uploading discover_and_link_report.csv to https://ocr-swingbell.s3.ap-southeast-2.amazonaws.com/branch_id_6/discover_and_link_report.csv,success
2024-09-22 11:44:46,upload,Uploading 6_log_file.csv to https://ocr-swingbell.s3.ap-southeast-2.amazonaws.com/branch_id_6/6_log_file.csv,success
2024-09-22 11:44:47,download,Downloading https://ocr-swingbell.s3.ap-southeast-2.amazonaws.com/branch_id_6/discover_and_link_report.csv to downloads/discover_and_link_report.csv,success
2024-09-22 11:44:47,upload,Uploading health_professional_report.csv to https://ocr-swingbell.s3.ap-southeast-2.amazonaws.com/branch_id_6/health_professional_report.csv,success
2024-09-22 11:44:47,upload,Uploading 6_log_file.csv to https://ocr-swingbell.s3.ap-southeast-2.amazonaws.com/branch_id_6/6_log_file.csv,success
2024-09-22 11:44:48,download,Downloading https://ocr-swingbell.s3.ap-southeast-2.amazonaws.com/branch_id_6/health_professional_report.csv to downloads/health_professional_report.csv,success
2024-09-22 11:44:48,upload,Uploading hip_data_push_notification_report.csv to https://ocr-swingbell.s3.ap-southeast-2.amazonaws.com/branch_id_6/hip_data_push_notification_report.csv,success
2024-09-22 11:44:49,upload,Uploading 6_log_file.csv to https://ocr-swingbell.s3.ap-southeast-2.amazonaws.com/branch_id_6/6_log_file.csv,success
2024-09-22 11:44:49,download,Downloading https://ocr-swingbell.s3.ap-southeast-2.amazonaws.com/branch_id_6/hip_data_push_notification_report.csv to downloads/hip_data_push_notification_report.csv,success
2024-09-22 11:44:49,upload,Uploading hip_data_push_request_report.csv to https://ocr-swingbell.s3.ap-southeast-2.amazonaws.com/branch_id_6/hip_data_push_request_report.csv,success
2024-09-22 11:44:50,upload,Uploading 6_log_file.csv to https://ocr-swingbell.s3.ap-southeast-2.amazonaws.com/branch_id_6/6_log_file.csv,success
2024-09-22 11:44:50,download,Downloading https://ocr-swingbell.s3.ap-southeast-2.amazonaws.com/branch_id_6/hip_data_push_request_report.csv to downloads/hip_data_push_request_report.csv,success
2024-09-22 11:44:51,upload,Uploading combined_facility_report.csv to https://ocr-swingbell.s3.ap-southeast-2.amazonaws.com/branch_id_6/combined_facility_report.csv,success
2024-09-22 11:44:51,upload,Uploading 6_log_file.csv to https://ocr-swingbell.s3.ap-southeast-2.amazonaws.com/branch_id_6/6_log_file.csv,success
2024-09-22 11:44:52,download,Downloading https://ocr-swingbell.s3.ap-southeast-2.amazonaws.com/branch_id_6/combined_facility_report.csv to downloads/combined_facility_report.csv,success
2024-09-22 11:51:25,upload,Uploading diagnostic_report_report.csv to https://ocr-swingbell.s3.ap-southeast-2.amazonaws.com/branch_id_6/diagnostic_report_report.csv,success
2024-09-22 11:51:25,upload,Uploading 6_log_file.csv to https://ocr-swingbell.s3.ap-southeast-2.amazonaws.com/branch_id_6/6_log_file.csv,success
2024-09-22 11:51:25,download,Downloading https://ocr-swingbell.s3.ap-southeast-2.amazonaws.com/branch_id_6/diagnostic_report_report.csv to downloads/diagnostic_report_report.csv,success
2024-09-22 11:51:27,upload,Uploading diagnostic_report_detail_report.csv to https://ocr-swingbell.s3.ap-southeast-2.amazonaws.com/branch_id_6/diagnostic_report_detail_report.csv,success
2024-09-22 11:51:27,upload,Uploading 6_log_file.csv to https://ocr-swingbell.s3.ap-southeast-2.amazonaws.com/branch_id_6/6_log_file.csv,success
2024-09-22 11:51:28,download,Downloading https://ocr-swingbell.s3.ap-southeast-2.amazonaws.com/branch_id_6/diagnostic_report_detail_report.csv to downloads/diagnostic_report_detail_report.csv,success
2024-09-22 11:51:28,upload,Uploading diagnostic_report_diagnostic_report_detail_report.csv to https://ocr-swingbell.s3.ap-southeast-2.amazonaws.com/branch_id_6/diagnostic_report_diagnostic_report_detail_report.csv,success
2024-09-22 11:51:29,upload,Uploading 6_log_file.csv to https://ocr-swingbell.s3.ap-southeast-2.amazonaws.com/branch_id_6/6_log_file.csv,success
2024-09-22 11:51:29,download,Downloading https://ocr-swingbell.s3.ap-southeast-2.amazonaws.com/branch_id_6/diagnostic_report_diagnostic_report_detail_report.csv to downloads/diagnostic_report_diagnostic_report_detail_report.csv,success
2024-09-22 11:51:30,upload,Uploading combined_diagnostic_report_report.csv to https://ocr-swingbell.s3.ap-southeast-2.amazonaws.com/branch_id_6/combined_diagnostic_report_report.csv,success
2024-09-22 11:51:31,upload,Uploading 6_log_file.csv to https://ocr-swingbell.s3.ap-southeast-2.amazonaws.com/branch_id_6/6_log_file.csv,success
2024-09-22 11:51:31,download,Downloading https://ocr-swingbell.s3.ap-southeast-2.amazonaws.com/branch_id_6/combined_diagnostic_report_report.csv to downloads/combined_diagnostic_report_report.csv,success
2024-09-22 11:51:32,upload,Uploading combined_immunization_report.csv to https://ocr-swingbell.s3.ap-southeast-2.amazonaws.com/branch_id_6/combined_immunization_report.csv,success
2024-09-22 11:51:32,upload,Uploading 6_log_file.csv to https://ocr-swingbell.s3.ap-southeast-2.amazonaws.com/branch_id_6/6_log_file.csv,success
2024-09-22 11:51:32,download,Downloading https://ocr-swingbell.s3.ap-southeast-2.amazonaws.com/branch_id_6/combined_immunization_report.csv to downloads/combined_immunization_report.csv,success
2024-09-22 11:51:33,upload,Uploading immunization_completion_report.csv to https://ocr-swingbell.s3.ap-southeast-2.amazonaws.com/branch_id_6/immunization_completion_report.csv,success
2024-09-22 11:51:33,upload,Uploading 6_log_file.csv to https://ocr-swingbell.s3.ap-southeast-2.amazonaws.com/branch_id_6/6_log_file.csv,success
2024-09-22 11:51:34,download,Downloading https://ocr-swingbell.s3.ap-southeast-2.amazonaws.com/branch_id_6/immunization_completion_report.csv to downloads/immunization_completion_report.csv,success
2024-09-22 11:51:34,upload,Uploading immunization_recommendation_report.csv to https://ocr-swingbell.s3.ap-southeast-2.amazonaws.com/branch_id_6/immunization_recommendation_report.csv,success
2024-09-22 11:51:34,upload,Uploading 6_log_file.csv to https://ocr-swingbell.s3.ap-southeast-2.amazonaws.com/branch_id_6/6_log_file.csv,success
2024-09-22 11:51:35,download,Downloading https://ocr-swingbell.s3.ap-southeast-2.amazonaws.com/branch_id_6/immunization_recommendation_report.csv to downloads/immunization_recommendation_report.csv,success
2024-09-22 11:51:35,upload,Uploading immunization_report_report.csv to https://ocr-swingbell.s3.ap-southeast-2.amazonaws.com/branch_id_6/immunization_report_report.csv,success
2024-09-22 11:51:36,upload,Uploading 6_log_file.csv to https://ocr-swingbell.s3.ap-southeast-2.amazonaws.com/branch_id_6/6_log_file.csv,success
2024-09-22 11:51:36,download,Downloading https://ocr-swingbell.s3.ap-southeast-2.amazonaws.com/branch_id_6/immunization_report_report.csv to downloads/immunization_report_report.csv,success
2024-09-22 11:51:36,upload,Uploading immunization_report_immunization_completion_report.csv to https://ocr-swingbell.s3.ap-southeast-2.amazonaws.com/branch_id_6/immunization_report_immunization_completion_report.csv,success
2024-09-22 11:51:37,upload,Uploading 6_log_file.csv to https://ocr-swingbell.s3.ap-southeast-2.amazonaws.com/branch_id_6/6_log_file.csv,success
2024-09-22 11:51:37,download,Downloading https://ocr-swingbell.s3.ap-southeast-2.amazonaws.com/branch_id_6/immunization_report_immunization_completion_report.csv to downloads/immunization_report_immunization_completion_report.csv,success
2024-09-22 11:51:38,upload,Uploading immunization_report_immunization_recommendation_report.csv to https://ocr-swingbell.s3.ap-southeast-2.amazonaws.com/branch_id_6/immunization_report_immunization_recommendation_report.csv,success
2024-09-22 11:51:38,upload,Uploading 6_log_file.csv to https://ocr-swingbell.s3.ap-southeast-2.amazonaws.com/branch_id_6/6_log_file.csv,success
2024-09-22 11:51:38,download,Downloading https://ocr-swingbell.s3.ap-southeast-2.amazonaws.com/branch_id_6/immunization_report_immunization_recommendation_report.csv to downloads/immunization_report_immunization_recommendation_report.csv,success
2024-09-22 11:51:39,upload,Uploading prescription_report.csv to https://ocr-swingbell.s3.ap-southeast-2.amazonaws.com/branch_id_6/prescription_report.csv,success
2024-09-22 11:51:39,upload,Uploading 6_log_file.csv to https://ocr-swingbell.s3.ap-southeast-2.amazonaws.com/branch_id_6/6_log_file.csv,success
2024-09-22 11:51:40,download,Downloading https://ocr-swingbell.s3.ap-southeast-2.amazonaws.com/branch_id_6/prescription_report.csv to downloads/prescription_report.csv,success
2024-09-22 11:51:40,upload,Uploading prescription_condition_report.csv to https://ocr-swingbell.s3.ap-southeast-2.amazonaws.com/branch_id_6/prescription_condition_report.csv,success
2024-09-22 11:51:40,upload,Uploading 6_log_file.csv to https://ocr-swingbell.s3.ap-southeast-2.amazonaws.com/branch_id_6/6_log_file.csv,success
2024-09-22 11:51:41,download,Downloading https://ocr-swingbell.s3.ap-southeast-2.amazonaws.com/branch_id_6/prescription_condition_report.csv to downloads/prescription_condition_report.csv,success
2024-09-22 11:51:42,upload,Uploading prescription_medication_report.csv to https://ocr-swingbell.s3.ap-southeast-2.amazonaws.com/branch_id_6/prescription_medication_report.csv,success
2024-09-22 11:51:42,upload,Uploading 6_log_file.csv to https://ocr-swingbell.s3.ap-southeast-2.amazonaws.com/branch_id_6/6_log_file.csv,success
2024-09-22 11:51:42,download,Downloading https://ocr-swingbell.s3.ap-southeast-2.amazonaws.com/branch_id_6/prescription_medication_report.csv to downloads/prescription_medication_report.csv,success
2024-09-22 11:51:43,upload,Uploading prescription_prescription_condition_report.csv to https://ocr-swingbell.s3.ap-southeast-2.amazonaws.com/branch_id_6/prescription_prescription_condition_report.csv,success
2024-09-22 11:51:43,upload,Uploading 6_log_file.csv to https://ocr-swingbell.s3.ap-southeast-2.amazonaws.com/branch_id_6/6_log_file.csv,success
2024-09-22 11:51:44,download,Downloading https://ocr-swingbell.s3.ap-southeast-2.amazonaws.com/branch_id_6/prescription_prescription_condition_report.csv to downloads/prescription_prescription_condition_report.csv,success
2024-09-22 11:51:44,upload,Uploading prescription_prescription_medication_report.csv to https://ocr-swingbell.s3.ap-southeast-2.amazonaws.com/branch_id_6/prescription_prescription_medication_report.csv,success
2024-09-22 11:51:45,upload,Uploading 6_log_file.csv to https://ocr-swingbell.s3.ap-southeast-2.amazonaws.com/branch_id_6/6_log_file.csv,success
2024-09-22 11:51:45,download,Downloading https://ocr-swingbell.s3.ap-southeast-2.amazonaws.com/branch_id_6/prescription_prescription_medication_report.csv to downloads/prescription_prescription_medication_report.csv,success
2024-09-22 11:51:46,upload,Uploading combined_prescription_report.csv to https://ocr-swingbell.s3.ap-southeast-2.amazonaws.com/branch_id_6/combined_prescription_report.csv,success
2024-09-22 11:51:46,upload,Uploading 6_log_file.csv to https://ocr-swingbell.s3.ap-southeast-2.amazonaws.com/branch_id_6/6_log_file.csv,success
2024-09-22 11:51:47,download,Downloading https://ocr-swingbell.s3.ap-southeast-2.amazonaws.com/branch_id_6/combined_prescription_report.csv to downloads/combined_prescription_report.csv,success
2024-09-22 11:51:48,upload,Uploading patient_care_consultations_report.csv to https://ocr-swingbell.s3.ap-southeast-2.amazonaws.com/branch_id_6/patient_care_consultations_report.csv,success
2024-09-22 11:51:48,upload,Uploading 6_log_file.csv to https://ocr-swingbell.s3.ap-southeast-2.amazonaws.com/branch_id_6/6_log_file.csv,success
2024-09-22 11:51:49,download,Downloading https://ocr-swingbell.s3.ap-southeast-2.amazonaws.com/branch_id_6/patient_care_consultations_report.csv to downloads/patient_care_consultations_report.csv,success
2024-09-22 11:51:49,upload,Uploading patient_care_consumables_report.csv to https://ocr-swingbell.s3.ap-southeast-2.amazonaws.com/branch_id_6/patient_care_consumables_report.csv,success
2024-09-22 11:51:50,upload,Uploading 6_log_file.csv to https://ocr-swingbell.s3.ap-southeast-2.amazonaws.com/branch_id_6/6_log_file.csv,success
2024-09-22 11:51:50,download,Downloading https://ocr-swingbell.s3.ap-southeast-2.amazonaws.com/branch_id_6/patient_care_consumables_report.csv to downloads/patient_care_consumables_report.csv,success
2024-09-22 11:51:50,upload,Uploading patient_care_lab_tests_report.csv to https://ocr-swingbell.s3.ap-southeast-2.amazonaws.com/branch_id_6/patient_care_lab_tests_report.csv,success
2024-09-22 11:51:51,upload,Uploading 6_log_file.csv to https://ocr-swingbell.s3.ap-southeast-2.amazonaws.com/branch_id_6/6_log_file.csv,success
2024-09-22 11:51:51,download,Downloading https://ocr-swingbell.s3.ap-southeast-2.amazonaws.com/branch_id_6/patient_care_lab_tests_report.csv to downloads/patient_care_lab_tests_report.csv,success
2024-09-22 11:51:52,upload,Uploading patient_care_vaccinations_report.csv to https://ocr-swingbell.s3.ap-southeast-2.amazonaws.com/branch_id_6/patient_care_vaccinations_report.csv,success
2024-09-22 11:51:52,upload,Uploading 6_log_file.csv to https://ocr-swingbell.s3.ap-southeast-2.amazonaws.com/branch_id_6/6_log_file.csv,success
2024-09-22 11:51:53,download,Downloading https://ocr-swingbell.s3.ap-southeast-2.amazonaws.com/branch_id_6/patient_care_vaccinations_report.csv to downloads/patient_care_vaccinations_report.csv,success
2024-09-22 11:51:53,upload,Uploading patient_care_vitals_report.csv to https://ocr-swingbell.s3.ap-southeast-2.amazonaws.com/branch_id_6/patient_care_vitals_report.csv,success
2024-09-22 11:51:54,upload,Uploading 6_log_file.csv to https://ocr-swingbell.s3.ap-southeast-2.amazonaws.com/branch_id_6/6_log_file.csv,success
2024-09-22 11:51:54,download,Downloading https://ocr-swingbell.s3.ap-southeast-2.amazonaws.com/branch_id_6/patient_care_vitals_report.csv to downloads/patient_care_vitals_report.csv,success
2024-09-22 11:51:55,upload,Uploading patient_care_report.csv to https://ocr-swingbell.s3.ap-southeast-2.amazonaws.com/branch_id_6/patient_care_report.csv,success
2024-09-22 11:51:55,upload,Uploading 6_log_file.csv to https://ocr-swingbell.s3.ap-southeast-2.amazonaws.com/branch_id_6/6_log_file.csv,success
2024-09-22 11:51:55,download,Downloading https://ocr-swingbell.s3.ap-southeast-2.amazonaws.com/branch_id_6/patient_care_report.csv to downloads/patient_care_report.csv,success
2024-09-22 11:51:56,upload,Uploading combined_patient_care_report.csv to https://ocr-swingbell.s3.ap-southeast-2.amazonaws.com/branch_id_6/combined_patient_care_report.csv,success
2024-09-22 11:51:56,upload,Uploading 6_log_file.csv to https://ocr-swingbell.s3.ap-southeast-2.amazonaws.com/branch_id_6/6_log_file.csv,success
2024-09-22 11:51:57,download,Downloading https://ocr-swingbell.s3.ap-southeast-2.amazonaws.com/branch_id_6/combined_patient_care_report.csv to downloads/combined_patient_care_report.csv,success
2024-09-22 11:51:57,upload,Uploading consultation_report.csv to https://ocr-swingbell.s3.ap-southeast-2.amazonaws.com/branch_id_6/consultation_report.csv,success
2024-09-22 11:51:58,upload,Uploading 6_log_file.csv to https://ocr-swingbell.s3.ap-southeast-2.amazonaws.com/branch_id_6/6_log_file.csv,success
2024-09-22 11:51:58,download,Downloading https://ocr-swingbell.s3.ap-southeast-2.amazonaws.com/branch_id_6/consultation_report.csv to downloads/consultation_report.csv,success
2024-09-22 11:51:59,upload,Uploading consumables_report.csv to https://ocr-swingbell.s3.ap-southeast-2.amazonaws.com/branch_id_6/consumables_report.csv,success
2024-09-22 11:51:59,upload,Uploading 6_log_file.csv to https://ocr-swingbell.s3.ap-southeast-2.amazonaws.com/branch_id_6/6_log_file.csv,success
2024-09-22 11:51:59,download,Downloading https://ocr-swingbell.s3.ap-southeast-2.amazonaws.com/branch_id_6/consumables_report.csv to downloads/consumables_report.csv,success
2024-09-22 11:52:01,upload,Uploading vital_info_report.csv to https://ocr-swingbell.s3.ap-southeast-2.amazonaws.com/branch_id_6/vital_info_report.csv,success
2024-09-22 11:52:01,upload,Uploading 6_log_file.csv to https://ocr-swingbell.s3.ap-southeast-2.amazonaws.com/branch_id_6/6_log_file.csv,success
2024-09-22 11:52:02,download,Downloading https://ocr-swingbell.s3.ap-southeast-2.amazonaws.com/branch_id_6/vital_info_report.csv to downloads/vital_info_report.csv,success
2024-09-22 11:52:02,upload,Uploading vaccination_report.csv to https://ocr-swingbell.s3.ap-southeast-2.amazonaws.com/branch_id_6/vaccination_report.csv,success
2024-09-22 11:52:03,upload,Uploading 6_log_file.csv to https://ocr-swingbell.s3.ap-southeast-2.amazonaws.com/branch_id_6/6_log_file.csv,success
2024-09-22 11:52:04,download,Downloading https://ocr-swingbell.s3.ap-southeast-2.amazonaws.com/branch_id_6/vaccination_report.csv to downloads/vaccination_report.csv,success
2024-09-22 11:52:04,upload,Uploading vital_detail_report.csv to https://ocr-swingbell.s3.ap-southeast-2.amazonaws.com/branch_id_6/vital_detail_report.csv,success
2024-09-22 11:52:05,upload,Uploading 6_log_file.csv to https://ocr-swingbell.s3.ap-southeast-2.amazonaws.com/branch_id_6/6_log_file.csv,success
2024-09-22 11:52:05,download,Downloading https://ocr-swingbell.s3.ap-southeast-2.amazonaws.com/branch_id_6/vital_detail_report.csv to downloads/vital_detail_report.csv,success
2024-09-22 11:52:07,upload,Uploading patient_profile_report.csv to https://ocr-swingbell.s3.ap-southeast-2.amazonaws.com/branch_id_6/patient_profile_report.csv,success
2024-09-22 11:52:07,upload,Uploading 6_log_file.csv to https://ocr-swingbell.s3.ap-southeast-2.amazonaws.com/branch_id_6/6_log_file.csv,success
2024-09-22 11:52:09,download,Downloading https://ocr-swingbell.s3.ap-southeast-2.amazonaws.com/branch_id_6/patient_profile_report.csv to downloads/patient_profile_report.csv,success
2024-09-22 11:52:09,upload,Uploading patient_queue_report.csv to https://ocr-swingbell.s3.ap-southeast-2.amazonaws.com/branch_id_6/patient_queue_report.csv,success
2024-09-22 11:52:09,upload,Uploading 6_log_file.csv to https://ocr-swingbell.s3.ap-southeast-2.amazonaws.com/branch_id_6/6_log_file.csv,success
2024-09-22 11:52:10,download,Downloading https://ocr-swingbell.s3.ap-southeast-2.amazonaws.com/branch_id_6/patient_queue_report.csv to downloads/patient_queue_report.csv,success
2024-09-22 11:52:10,upload,Uploading patient_visit_report.csv to https://ocr-swingbell.s3.ap-southeast-2.amazonaws.com/branch_id_6/patient_visit_report.csv,success
2024-09-22 11:52:11,upload,Uploading 6_log_file.csv to https://ocr-swingbell.s3.ap-southeast-2.amazonaws.com/branch_id_6/6_log_file.csv,success
2024-09-22 11:52:12,download,Downloading https://ocr-swingbell.s3.ap-southeast-2.amazonaws.com/branch_id_6/patient_visit_report.csv to downloads/patient_visit_report.csv,success
2024-09-22 11:52:12,upload,Uploading op_consultation_report.csv to https://ocr-swingbell.s3.ap-southeast-2.amazonaws.com/branch_id_6/op_consultation_report.csv,success
2024-09-22 11:52:12,upload,Uploading 6_log_file.csv to https://ocr-swingbell.s3.ap-southeast-2.amazonaws.com/branch_id_6/6_log_file.csv,success
2024-09-22 11:52:13,download,Downloading https://ocr-swingbell.s3.ap-southeast-2.amazonaws.com/branch_id_6/op_consultation_report.csv to downloads/op_consultation_report.csv,success
2024-09-22 11:52:14,upload,Uploading medical_history_report.csv to https://ocr-swingbell.s3.ap-southeast-2.amazonaws.com/branch_id_6/medical_history_report.csv,success
2024-09-22 11:52:14,upload,Uploading 6_log_file.csv to https://ocr-swingbell.s3.ap-southeast-2.amazonaws.com/branch_id_6/6_log_file.csv,success
2024-09-22 11:52:15,download,Downloading https://ocr-swingbell.s3.ap-southeast-2.amazonaws.com/branch_id_6/medical_history_report.csv to downloads/medical_history_report.csv,success
2024-09-22 11:52:16,upload,Uploading consent_request_report.csv to https://ocr-swingbell.s3.ap-southeast-2.amazonaws.com/branch_id_6/consent_request_report.csv,success
2024-09-22 11:52:16,upload,Uploading 6_log_file.csv to https://ocr-swingbell.s3.ap-southeast-2.amazonaws.com/branch_id_6/6_log_file.csv,success
2024-09-22 11:52:20,download,Downloading https://ocr-swingbell.s3.ap-southeast-2.amazonaws.com/branch_id_6/consent_request_report.csv to downloads/consent_request_report.csv,success
2024-09-22 11:52:20,upload,Uploading consolidated_report_report.csv to https://ocr-swingbell.s3.ap-southeast-2.amazonaws.com/branch_id_6/consolidated_report_report.csv,success
2024-09-22 11:52:21,upload,Uploading 6_log_file.csv to https://ocr-swingbell.s3.ap-southeast-2.amazonaws.com/branch_id_6/6_log_file.csv,success
2024-09-22 11:52:22,download,Downloading https://ocr-swingbell.s3.ap-southeast-2.amazonaws.com/branch_id_6/consolidated_report_report.csv to downloads/consolidated_report_report.csv,success
2024-09-22 11:52:22,upload,Uploading discover_and_link_report.csv to https://ocr-swingbell.s3.ap-southeast-2.amazonaws.com/branch_id_6/discover_and_link_report.csv,success
2024-09-22 11:52:23,upload,Uploading 6_log_file.csv to https://ocr-swingbell.s3.ap-southeast-2.amazonaws.com/branch_id_6/6_log_file.csv,success
2024-09-22 11:52:24,download,Downloading https://ocr-swingbell.s3.ap-southeast-2.amazonaws.com/branch_id_6/discover_and_link_report.csv to downloads/discover_and_link_report.csv,success
2024-09-22 11:52:24,upload,Uploading health_professional_report.csv to https://ocr-swingbell.s3.ap-southeast-2.amazonaws.com/branch_id_6/health_professional_report.csv,success
2024-09-22 11:52:25,upload,Uploading 6_log_file.csv to https://ocr-swingbell.s3.ap-southeast-2.amazonaws.com/branch_id_6/6_log_file.csv,success
2024-09-22 11:52:26,download,Downloading https://ocr-swingbell.s3.ap-southeast-2.amazonaws.com/branch_id_6/health_professional_report.csv to downloads/health_professional_report.csv,success
2024-09-22 11:52:26,upload,Uploading hip_data_push_notification_report.csv to https://ocr-swingbell.s3.ap-southeast-2.amazonaws.com/branch_id_6/hip_data_push_notification_report.csv,success
2024-09-22 11:52:27,upload,Uploading 6_log_file.csv to https://ocr-swingbell.s3.ap-southeast-2.amazonaws.com/branch_id_6/6_log_file.csv,success
2024-09-22 11:52:27,download,Downloading https://ocr-swingbell.s3.ap-southeast-2.amazonaws.com/branch_id_6/hip_data_push_notification_report.csv to downloads/hip_data_push_notification_report.csv,success
2024-09-22 11:52:28,upload,Uploading hip_data_push_request_report.csv to https://ocr-swingbell.s3.ap-southeast-2.amazonaws.com/branch_id_6/hip_data_push_request_report.csv,success
2024-09-22 11:52:28,upload,Uploading 6_log_file.csv to https://ocr-swingbell.s3.ap-southeast-2.amazonaws.com/branch_id_6/6_log_file.csv,success
2024-09-22 11:52:29,download,Downloading https://ocr-swingbell.s3.ap-southeast-2.amazonaws.com/branch_id_6/hip_data_push_request_report.csv to downloads/hip_data_push_request_report.csv,success
2024-09-22 11:52:29,upload,Uploading combined_facility_report.csv to https://ocr-swingbell.s3.ap-southeast-2.amazonaws.com/branch_id_6/combined_facility_report.csv,success
2024-09-22 11:52:30,upload,Uploading 6_log_file.csv to https://ocr-swingbell.s3.ap-southeast-2.amazonaws.com/branch_id_6/6_log_file.csv,success
2024-09-22 11:52:30,download,Downloading https://ocr-swingbell.s3.ap-southeast-2.amazonaws.com/branch_id_6/combined_facility_report.csv to downloads/combined_facility_report.csv,success
2024-09-22 11:59:01,upload,Uploading diagnostic_report_report.csv to https://ocr-swingbell.s3.ap-southeast-2.amazonaws.com/branch_id_6/diagnostic_report_report.csv,success
2024-09-22 11:59:01,upload,Uploading 6_log_file.csv to https://ocr-swingbell.s3.ap-southeast-2.amazonaws.com/branch_id_6/6_log_file.csv,success
2024-09-22 11:59:02,download,Downloading https://ocr-swingbell.s3.ap-southeast-2.amazonaws.com/branch_id_6/diagnostic_report_report.csv to downloads/diagnostic_report_report.csv,success
2024-09-22 11:59:04,upload,Uploading diagnostic_report_detail_report.csv to https://ocr-swingbell.s3.ap-southeast-2.amazonaws.com/branch_id_6/diagnostic_report_detail_report.csv,success
2024-09-22 11:59:04,upload,Uploading 6_log_file.csv to https://ocr-swingbell.s3.ap-southeast-2.amazonaws.com/branch_id_6/6_log_file.csv,success
2024-09-22 11:59:04,download,Downloading https://ocr-swingbell.s3.ap-southeast-2.amazonaws.com/branch_id_6/diagnostic_report_detail_report.csv to downloads/diagnostic_report_detail_report.csv,success
2024-09-22 11:59:05,upload,Uploading diagnostic_report_diagnostic_report_detail_report.csv to https://ocr-swingbell.s3.ap-southeast-2.amazonaws.com/branch_id_6/diagnostic_report_diagnostic_report_detail_report.csv,success
2024-09-22 11:59:05,upload,Uploading 6_log_file.csv to https://ocr-swingbell.s3.ap-southeast-2.amazonaws.com/branch_id_6/6_log_file.csv,success
2024-09-22 11:59:06,download,Downloading https://ocr-swingbell.s3.ap-southeast-2.amazonaws.com/branch_id_6/diagnostic_report_diagnostic_report_detail_report.csv to downloads/diagnostic_report_diagnostic_report_detail_report.csv,success
2024-09-22 11:59:07,upload,Uploading combined_diagnostic_report_report.csv to https://ocr-swingbell.s3.ap-southeast-2.amazonaws.com/branch_id_6/combined_diagnostic_report_report.csv,success
2024-09-22 11:59:08,upload,Uploading 6_log_file.csv to https://ocr-swingbell.s3.ap-southeast-2.amazonaws.com/branch_id_6/6_log_file.csv,success
2024-09-22 11:59:08,download,Downloading https://ocr-swingbell.s3.ap-southeast-2.amazonaws.com/branch_id_6/combined_diagnostic_report_report.csv to downloads/combined_diagnostic_report_report.csv,success
2024-09-22 11:59:09,upload,Uploading combined_immunization_report.csv to https://ocr-swingbell.s3.ap-southeast-2.amazonaws.com/branch_id_6/combined_immunization_report.csv,success
2024-09-22 11:59:09,upload,Uploading 6_log_file.csv to https://ocr-swingbell.s3.ap-southeast-2.amazonaws.com/branch_id_6/6_log_file.csv,success
2024-09-22 11:59:10,download,Downloading https://ocr-swingbell.s3.ap-southeast-2.amazonaws.com/branch_id_6/combined_immunization_report.csv to downloads/combined_immunization_report.csv,success
2024-09-22 11:59:10,upload,Uploading immunization_completion_report.csv to https://ocr-swingbell.s3.ap-southeast-2.amazonaws.com/branch_id_6/immunization_completion_report.csv,success
2024-09-22 11:59:11,upload,Uploading 6_log_file.csv to https://ocr-swingbell.s3.ap-southeast-2.amazonaws.com/branch_id_6/6_log_file.csv,success
2024-09-22 11:59:11,download,Downloading https://ocr-swingbell.s3.ap-southeast-2.amazonaws.com/branch_id_6/immunization_completion_report.csv to downloads/immunization_completion_report.csv,success
2024-09-22 11:59:11,upload,Uploading immunization_recommendation_report.csv to https://ocr-swingbell.s3.ap-southeast-2.amazonaws.com/branch_id_6/immunization_recommendation_report.csv,success
2024-09-22 11:59:12,upload,Uploading 6_log_file.csv to https://ocr-swingbell.s3.ap-southeast-2.amazonaws.com/branch_id_6/6_log_file.csv,success
2024-09-22 11:59:12,download,Downloading https://ocr-swingbell.s3.ap-southeast-2.amazonaws.com/branch_id_6/immunization_recommendation_report.csv to downloads/immunization_recommendation_report.csv,success
2024-09-22 11:59:13,upload,Uploading immunization_report_report.csv to https://ocr-swingbell.s3.ap-southeast-2.amazonaws.com/branch_id_6/immunization_report_report.csv,success
2024-09-22 11:59:13,upload,Uploading 6_log_file.csv to https://ocr-swingbell.s3.ap-southeast-2.amazonaws.com/branch_id_6/6_log_file.csv,success
2024-09-22 11:59:14,download,Downloading https://ocr-swingbell.s3.ap-southeast-2.amazonaws.com/branch_id_6/immunization_report_report.csv to downloads/immunization_report_report.csv,success
2024-09-22 11:59:14,upload,Uploading immunization_report_immunization_completion_report.csv to https://ocr-swingbell.s3.ap-southeast-2.amazonaws.com/branch_id_6/immunization_report_immunization_completion_report.csv,success
2024-09-22 11:59:15,upload,Uploading 6_log_file.csv to https://ocr-swingbell.s3.ap-southeast-2.amazonaws.com/branch_id_6/6_log_file.csv,success
2024-09-22 11:59:15,download,Downloading https://ocr-swingbell.s3.ap-southeast-2.amazonaws.com/branch_id_6/immunization_report_immunization_completion_report.csv to downloads/immunization_report_immunization_completion_report.csv,success
2024-09-22 11:59:16,upload,Uploading immunization_report_immunization_recommendation_report.csv to https://ocr-swingbell.s3.ap-southeast-2.amazonaws.com/branch_id_6/immunization_report_immunization_recommendation_report.csv,success
2024-09-22 11:59:16,upload,Uploading 6_log_file.csv to https://ocr-swingbell.s3.ap-southeast-2.amazonaws.com/branch_id_6/6_log_file.csv,success
2024-09-22 11:59:16,download,Downloading https://ocr-swingbell.s3.ap-southeast-2.amazonaws.com/branch_id_6/immunization_report_immunization_recommendation_report.csv to downloads/immunization_report_immunization_recommendation_report.csv,success
2024-09-22 11:59:17,upload,Uploading prescription_report.csv to https://ocr-swingbell.s3.ap-southeast-2.amazonaws.com/branch_id_6/prescription_report.csv,success
2024-09-22 11:59:17,upload,Uploading 6_log_file.csv to https://ocr-swingbell.s3.ap-southeast-2.amazonaws.com/branch_id_6/6_log_file.csv,success
2024-09-22 11:59:18,download,Downloading https://ocr-swingbell.s3.ap-southeast-2.amazonaws.com/branch_id_6/prescription_report.csv to downloads/prescription_report.csv,success
2024-09-22 11:59:18,upload,Uploading prescription_condition_report.csv to https://ocr-swingbell.s3.ap-southeast-2.amazonaws.com/branch_id_6/prescription_condition_report.csv,success
2024-09-22 11:59:19,upload,Uploading 6_log_file.csv to https://ocr-swingbell.s3.ap-southeast-2.amazonaws.com/branch_id_6/6_log_file.csv,success
2024-09-22 11:59:19,download,Downloading https://ocr-swingbell.s3.ap-southeast-2.amazonaws.com/branch_id_6/prescription_condition_report.csv to downloads/prescription_condition_report.csv,success
2024-09-22 11:59:20,upload,Uploading prescription_medication_report.csv to https://ocr-swingbell.s3.ap-southeast-2.amazonaws.com/branch_id_6/prescription_medication_report.csv,success
2024-09-22 11:59:20,upload,Uploading 6_log_file.csv to https://ocr-swingbell.s3.ap-southeast-2.amazonaws.com/branch_id_6/6_log_file.csv,success
2024-09-22 11:59:20,download,Downloading https://ocr-swingbell.s3.ap-southeast-2.amazonaws.com/branch_id_6/prescription_medication_report.csv to downloads/prescription_medication_report.csv,success
2024-09-22 11:59:21,upload,Uploading prescription_prescription_condition_report.csv to https://ocr-swingbell.s3.ap-southeast-2.amazonaws.com/branch_id_6/prescription_prescription_condition_report.csv,success
2024-09-22 11:59:21,upload,Uploading 6_log_file.csv to https://ocr-swingbell.s3.ap-southeast-2.amazonaws.com/branch_id_6/6_log_file.csv,success
2024-09-22 11:59:22,download,Downloading https://ocr-swingbell.s3.ap-southeast-2.amazonaws.com/branch_id_6/prescription_prescription_condition_report.csv to downloads/prescription_prescription_condition_report.csv,success
2024-09-22 11:59:22,upload,Uploading prescription_prescription_medication_report.csv to https://ocr-swingbell.s3.ap-southeast-2.amazonaws.com/branch_id_6/prescription_prescription_medication_report.csv,success
2024-09-22 11:59:22,upload,Uploading 6_log_file.csv to https://ocr-swingbell.s3.ap-southeast-2.amazonaws.com/branch_id_6/6_log_file.csv,success
2024-09-22 11:59:23,download,Downloading https://ocr-swingbell.s3.ap-southeast-2.amazonaws.com/branch_id_6/prescription_prescription_medication_report.csv to downloads/prescription_prescription_medication_report.csv,success
2024-09-22 11:59:23,upload,Uploading combined_prescription_report.csv to https://ocr-swingbell.s3.ap-southeast-2.amazonaws.com/branch_id_6/combined_prescription_report.csv,success
2024-09-22 11:59:24,upload,Uploading 6_log_file.csv to https://ocr-swingbell.s3.ap-southeast-2.amazonaws.com/branch_id_6/6_log_file.csv,success
2024-09-22 11:59:24,download,Downloading https://ocr-swingbell.s3.ap-southeast-2.amazonaws.com/branch_id_6/combined_prescription_report.csv to downloads/combined_prescription_report.csv,success
2024-09-22 11:59:25,upload,Uploading patient_care_consultations_report.csv to https://ocr-swingbell.s3.ap-southeast-2.amazonaws.com/branch_id_6/patient_care_consultations_report.csv,success
2024-09-22 11:59:26,upload,Uploading 6_log_file.csv to https://ocr-swingbell.s3.ap-southeast-2.amazonaws.com/branch_id_6/6_log_file.csv,success
2024-09-22 11:59:26,download,Downloading https://ocr-swingbell.s3.ap-southeast-2.amazonaws.com/branch_id_6/patient_care_consultations_report.csv to downloads/patient_care_consultations_report.csv,success
2024-09-22 11:59:27,upload,Uploading patient_care_consumables_report.csv to https://ocr-swingbell.s3.ap-southeast-2.amazonaws.com/branch_id_6/patient_care_consumables_report.csv,success
2024-09-22 11:59:27,upload,Uploading 6_log_file.csv to https://ocr-swingbell.s3.ap-southeast-2.amazonaws.com/branch_id_6/6_log_file.csv,success
2024-09-22 11:59:28,download,Downloading https://ocr-swingbell.s3.ap-southeast-2.amazonaws.com/branch_id_6/patient_care_consumables_report.csv to downloads/patient_care_consumables_report.csv,success
2024-09-22 11:59:28,upload,Uploading patient_care_lab_tests_report.csv to https://ocr-swingbell.s3.ap-southeast-2.amazonaws.com/branch_id_6/patient_care_lab_tests_report.csv,success
2024-09-22 11:59:29,upload,Uploading 6_log_file.csv to https://ocr-swingbell.s3.ap-southeast-2.amazonaws.com/branch_id_6/6_log_file.csv,success
2024-09-22 11:59:29,download,Downloading https://ocr-swingbell.s3.ap-southeast-2.amazonaws.com/branch_id_6/patient_care_lab_tests_report.csv to downloads/patient_care_lab_tests_report.csv,success
2024-09-22 11:59:29,upload,Uploading patient_care_vaccinations_report.csv to https://ocr-swingbell.s3.ap-southeast-2.amazonaws.com/branch_id_6/patient_care_vaccinations_report.csv,success
2024-09-22 11:59:30,upload,Uploading 6_log_file.csv to https://ocr-swingbell.s3.ap-southeast-2.amazonaws.com/branch_id_6/6_log_file.csv,success
2024-09-22 11:59:31,download,Downloading https://ocr-swingbell.s3.ap-southeast-2.amazonaws.com/branch_id_6/patient_care_vaccinations_report.csv to downloads/patient_care_vaccinations_report.csv,success
2024-09-22 11:59:31,upload,Uploading patient_care_vitals_report.csv to https://ocr-swingbell.s3.ap-southeast-2.amazonaws.com/branch_id_6/patient_care_vitals_report.csv,success
2024-09-22 11:59:32,upload,Uploading 6_log_file.csv to https://ocr-swingbell.s3.ap-southeast-2.amazonaws.com/branch_id_6/6_log_file.csv,success
2024-09-22 11:59:32,download,Downloading https://ocr-swingbell.s3.ap-southeast-2.amazonaws.com/branch_id_6/patient_care_vitals_report.csv to downloads/patient_care_vitals_report.csv,success
2024-09-22 11:59:32,upload,Uploading patient_care_report.csv to https://ocr-swingbell.s3.ap-southeast-2.amazonaws.com/branch_id_6/patient_care_report.csv,success
2024-09-22 11:59:33,upload,Uploading 6_log_file.csv to https://ocr-swingbell.s3.ap-southeast-2.amazonaws.com/branch_id_6/6_log_file.csv,success
2024-09-22 11:59:33,download,Downloading https://ocr-swingbell.s3.ap-southeast-2.amazonaws.com/branch_id_6/patient_care_report.csv to downloads/patient_care_report.csv,success
2024-09-22 11:59:34,upload,Uploading combined_patient_care_report.csv to https://ocr-swingbell.s3.ap-southeast-2.amazonaws.com/branch_id_6/combined_patient_care_report.csv,success
2024-09-22 11:59:34,upload,Uploading 6_log_file.csv to https://ocr-swingbell.s3.ap-southeast-2.amazonaws.com/branch_id_6/6_log_file.csv,success
2024-09-22 11:59:34,download,Downloading https://ocr-swingbell.s3.ap-southeast-2.amazonaws.com/branch_id_6/combined_patient_care_report.csv to downloads/combined_patient_care_report.csv,success
2024-09-22 11:59:35,upload,Uploading consultation_report.csv to https://ocr-swingbell.s3.ap-southeast-2.amazonaws.com/branch_id_6/consultation_report.csv,success
2024-09-22 11:59:35,upload,Uploading 6_log_file.csv to https://ocr-swingbell.s3.ap-southeast-2.amazonaws.com/branch_id_6/6_log_file.csv,success
2024-09-22 11:59:36,download,Downloading https://ocr-swingbell.s3.ap-southeast-2.amazonaws.com/branch_id_6/consultation_report.csv to downloads/consultation_report.csv,success
2024-09-22 11:59:36,upload,Uploading consumables_report.csv to https://ocr-swingbell.s3.ap-southeast-2.amazonaws.com/branch_id_6/consumables_report.csv,success
2024-09-22 11:59:36,upload,Uploading 6_log_file.csv to https://ocr-swingbell.s3.ap-southeast-2.amazonaws.com/branch_id_6/6_log_file.csv,success
2024-09-22 11:59:37,download,Downloading https://ocr-swingbell.s3.ap-southeast-2.amazonaws.com/branch_id_6/consumables_report.csv to downloads/consumables_report.csv,success
2024-09-22 11:59:39,upload,Uploading vital_info_report.csv to https://ocr-swingbell.s3.ap-southeast-2.amazonaws.com/branch_id_6/vital_info_report.csv,success
2024-09-22 11:59:39,upload,Uploading 6_log_file.csv to https://ocr-swingbell.s3.ap-southeast-2.amazonaws.com/branch_id_6/6_log_file.csv,success
2024-09-22 11:59:39,download,Downloading https://ocr-swingbell.s3.ap-southeast-2.amazonaws.com/branch_id_6/vital_info_report.csv to downloads/vital_info_report.csv,success
2024-09-22 11:59:40,upload,Uploading vaccination_report.csv to https://ocr-swingbell.s3.ap-southeast-2.amazonaws.com/branch_id_6/vaccination_report.csv,success
2024-09-22 11:59:40,upload,Uploading 6_log_file.csv to https://ocr-swingbell.s3.ap-southeast-2.amazonaws.com/branch_id_6/6_log_file.csv,success
2024-09-22 11:59:41,download,Downloading https://ocr-swingbell.s3.ap-southeast-2.amazonaws.com/branch_id_6/vaccination_report.csv to downloads/vaccination_report.csv,success
2024-09-22 11:59:41,upload,Uploading vital_detail_report.csv to https://ocr-swingbell.s3.ap-southeast-2.amazonaws.com/branch_id_6/vital_detail_report.csv,success
2024-09-22 11:59:42,upload,Uploading 6_log_file.csv to https://ocr-swingbell.s3.ap-southeast-2.amazonaws.com/branch_id_6/6_log_file.csv,success
2024-09-22 11:59:42,download,Downloading https://ocr-swingbell.s3.ap-southeast-2.amazonaws.com/branch_id_6/vital_detail_report.csv to downloads/vital_detail_report.csv,success
2024-09-22 11:59:43,upload,Uploading patient_profile_report.csv to https://ocr-swingbell.s3.ap-southeast-2.amazonaws.com/branch_id_6/patient_profile_report.csv,success
2024-09-22 11:59:43,upload,Uploading 6_log_file.csv to https://ocr-swingbell.s3.ap-southeast-2.amazonaws.com/branch_id_6/6_log_file.csv,success
2024-09-22 11:59:45,download,Downloading https://ocr-swingbell.s3.ap-southeast-2.amazonaws.com/branch_id_6/patient_profile_report.csv to downloads/patient_profile_report.csv,success
2024-09-22 11:59:45,upload,Uploading patient_queue_report.csv to https://ocr-swingbell.s3.ap-southeast-2.amazonaws.com/branch_id_6/patient_queue_report.csv,success
2024-09-22 11:59:45,upload,Uploading 6_log_file.csv to https://ocr-swingbell.s3.ap-southeast-2.amazonaws.com/branch_id_6/6_log_file.csv,success
2024-09-22 11:59:46,download,Downloading https://ocr-swingbell.s3.ap-southeast-2.amazonaws.com/branch_id_6/patient_queue_report.csv to downloads/patient_queue_report.csv,success
2024-09-22 11:59:46,upload,Uploading patient_visit_report.csv to https://ocr-swingbell.s3.ap-southeast-2.amazonaws.com/branch_id_6/patient_visit_report.csv,success
2024-09-22 11:59:47,upload,Uploading 6_log_file.csv to https://ocr-swingbell.s3.ap-southeast-2.amazonaws.com/branch_id_6/6_log_file.csv,success
2024-09-22 11:59:48,download,Downloading https://ocr-swingbell.s3.ap-southeast-2.amazonaws.com/branch_id_6/patient_visit_report.csv to downloads/patient_visit_report.csv,success
2024-09-22 11:59:48,upload,Uploading op_consultation_report.csv to https://ocr-swingbell.s3.ap-southeast-2.amazonaws.com/branch_id_6/op_consultation_report.csv,success
2024-09-22 11:59:48,upload,Uploading 6_log_file.csv to https://ocr-swingbell.s3.ap-southeast-2.amazonaws.com/branch_id_6/6_log_file.csv,success
2024-09-22 11:59:49,download,Downloading https://ocr-swingbell.s3.ap-southeast-2.amazonaws.com/branch_id_6/op_consultation_report.csv to downloads/op_consultation_report.csv,success
2024-09-22 11:59:49,upload,Uploading medical_history_report.csv to https://ocr-swingbell.s3.ap-southeast-2.amazonaws.com/branch_id_6/medical_history_report.csv,success
2024-09-22 11:59:50,upload,Uploading 6_log_file.csv to https://ocr-swingbell.s3.ap-southeast-2.amazonaws.com/branch_id_6/6_log_file.csv,success
2024-09-22 11:59:50,download,Downloading https://ocr-swingbell.s3.ap-southeast-2.amazonaws.com/branch_id_6/medical_history_report.csv to downloads/medical_history_report.csv,success
2024-09-22 11:59:51,upload,Uploading consent_request_report.csv to https://ocr-swingbell.s3.ap-southeast-2.amazonaws.com/branch_id_6/consent_request_report.csv,success
2024-09-22 11:59:52,upload,Uploading 6_log_file.csv to https://ocr-swingbell.s3.ap-southeast-2.amazonaws.com/branch_id_6/6_log_file.csv,success
2024-09-22 11:59:55,download,Downloading https://ocr-swingbell.s3.ap-southeast-2.amazonaws.com/branch_id_6/consent_request_report.csv to downloads/consent_request_report.csv,success
2024-09-22 11:59:56,upload,Uploading consolidated_report_report.csv to https://ocr-swingbell.s3.ap-southeast-2.amazonaws.com/branch_id_6/consolidated_report_report.csv,success
2024-09-22 11:59:56,upload,Uploading 6_log_file.csv to https://ocr-swingbell.s3.ap-southeast-2.amazonaws.com/branch_id_6/6_log_file.csv,success
2024-09-22 11:59:57,download,Downloading https://ocr-swingbell.s3.ap-southeast-2.amazonaws.com/branch_id_6/consolidated_report_report.csv to downloads/consolidated_report_report.csv,success
2024-09-22 11:59:57,upload,Uploading discover_and_link_report.csv to https://ocr-swingbell.s3.ap-southeast-2.amazonaws.com/branch_id_6/discover_and_link_report.csv,success
2024-09-22 11:59:58,upload,Uploading 6_log_file.csv to https://ocr-swingbell.s3.ap-southeast-2.amazonaws.com/branch_id_6/6_log_file.csv,success
2024-09-22 11:59:58,download,Downloading https://ocr-swingbell.s3.ap-southeast-2.amazonaws.com/branch_id_6/discover_and_link_report.csv to downloads/discover_and_link_report.csv,success
2024-09-22 11:59:59,upload,Uploading health_professional_report.csv to https://ocr-swingbell.s3.ap-southeast-2.amazonaws.com/branch_id_6/health_professional_report.csv,success
2024-09-22 11:59:59,upload,Uploading 6_log_file.csv to https://ocr-swingbell.s3.ap-southeast-2.amazonaws.com/branch_id_6/6_log_file.csv,success
2024-09-22 11:59:59,download,Downloading https://ocr-swingbell.s3.ap-southeast-2.amazonaws.com/branch_id_6/health_professional_report.csv to downloads/health_professional_report.csv,success
2024-09-22 12:00:00,upload,Uploading hip_data_push_notification_report.csv to https://ocr-swingbell.s3.ap-southeast-2.amazonaws.com/branch_id_6/hip_data_push_notification_report.csv,success
2024-09-22 12:00:00,upload,Uploading 6_log_file.csv to https://ocr-swingbell.s3.ap-southeast-2.amazonaws.com/branch_id_6/6_log_file.csv,success
2024-09-22 12:00:01,download,Downloading https://ocr-swingbell.s3.ap-southeast-2.amazonaws.com/branch_id_6/hip_data_push_notification_report.csv to downloads/hip_data_push_notification_report.csv,success
2024-09-22 12:00:01,upload,Uploading hip_data_push_request_report.csv to https://ocr-swingbell.s3.ap-southeast-2.amazonaws.com/branch_id_6/hip_data_push_request_report.csv,success
2024-09-22 12:00:01,upload,Uploading 6_log_file.csv to https://ocr-swingbell.s3.ap-southeast-2.amazonaws.com/branch_id_6/6_log_file.csv,success
2024-09-22 12:00:02,download,Downloading https://ocr-swingbell.s3.ap-southeast-2.amazonaws.com/branch_id_6/hip_data_push_request_report.csv to downloads/hip_data_push_request_report.csv,success
2024-09-22 12:00:03,upload,Uploading combined_facility_report.csv to https://ocr-swingbell.s3.ap-southeast-2.amazonaws.com/branch_id_6/combined_facility_report.csv,success
2024-09-22 12:00:03,upload,Uploading 6_log_file.csv to https://ocr-swingbell.s3.ap-southeast-2.amazonaws.com/branch_id_6/6_log_file.csv,success
2024-09-22 12:00:04,download,Downloading https://ocr-swingbell.s3.ap-southeast-2.amazonaws.com/branch_id_6/combined_facility_report.csv to downloads/combined_facility_report.csv,success
2024-09-22 12:12:52,upload,Uploading diagnostic_report_report.csv to https://ocr-swingbell.s3.ap-southeast-2.amazonaws.com/branch_id_6/diagnostic_report_report.csv,success
2024-09-22 12:12:53,upload,Uploading 6_log_file.csv to https://ocr-swingbell.s3.ap-southeast-2.amazonaws.com/branch_id_6/6_log_file.csv,success
2024-09-22 12:12:54,download,Downloading https://ocr-swingbell.s3.ap-southeast-2.amazonaws.com/branch_id_6/diagnostic_report_report.csv to downloads/diagnostic_report_report.csv,success
2024-09-22 12:12:55,upload,Uploading diagnostic_report_detail_report.csv to https://ocr-swingbell.s3.ap-southeast-2.amazonaws.com/branch_id_6/diagnostic_report_detail_report.csv,success
2024-09-22 12:12:56,upload,Uploading 6_log_file.csv to https://ocr-swingbell.s3.ap-southeast-2.amazonaws.com/branch_id_6/6_log_file.csv,success
2024-09-22 12:12:58,download,Downloading https://ocr-swingbell.s3.ap-southeast-2.amazonaws.com/branch_id_6/diagnostic_report_detail_report.csv to downloads/diagnostic_report_detail_report.csv,success
2024-09-22 12:12:58,upload,Uploading diagnostic_report_diagnostic_report_detail_report.csv to https://ocr-swingbell.s3.ap-southeast-2.amazonaws.com/branch_id_6/diagnostic_report_diagnostic_report_detail_report.csv,success
2024-09-22 12:12:58,upload,Uploading 6_log_file.csv to https://ocr-swingbell.s3.ap-southeast-2.amazonaws.com/branch_id_6/6_log_file.csv,success
2024-09-22 12:12:59,download,Downloading https://ocr-swingbell.s3.ap-southeast-2.amazonaws.com/branch_id_6/diagnostic_report_diagnostic_report_detail_report.csv to downloads/diagnostic_report_diagnostic_report_detail_report.csv,success
2024-09-22 12:13:01,upload,Uploading combined_diagnostic_report_report.csv to https://ocr-swingbell.s3.ap-southeast-2.amazonaws.com/branch_id_6/combined_diagnostic_report_report.csv,success
2024-09-22 12:13:02,upload,Uploading 6_log_file.csv to https://ocr-swingbell.s3.ap-southeast-2.amazonaws.com/branch_id_6/6_log_file.csv,success
2024-09-22 12:13:02,download,Downloading https://ocr-swingbell.s3.ap-southeast-2.amazonaws.com/branch_id_6/combined_diagnostic_report_report.csv to downloads/combined_diagnostic_report_report.csv,success
2024-09-22 12:13:03,upload,Uploading combined_immunization_report.csv to https://ocr-swingbell.s3.ap-southeast-2.amazonaws.com/branch_id_6/combined_immunization_report.csv,success
2024-09-22 12:13:04,upload,Uploading 6_log_file.csv to https://ocr-swingbell.s3.ap-southeast-2.amazonaws.com/branch_id_6/6_log_file.csv,success
2024-09-22 12:13:04,download,Downloading https://ocr-swingbell.s3.ap-southeast-2.amazonaws.com/branch_id_6/combined_immunization_report.csv to downloads/combined_immunization_report.csv,success
2024-09-22 12:13:05,upload,Uploading immunization_completion_report.csv to https://ocr-swingbell.s3.ap-southeast-2.amazonaws.com/branch_id_6/immunization_completion_report.csv,success
2024-09-22 12:13:05,upload,Uploading 6_log_file.csv to https://ocr-swingbell.s3.ap-southeast-2.amazonaws.com/branch_id_6/6_log_file.csv,success
2024-09-22 12:13:06,download,Downloading https://ocr-swingbell.s3.ap-southeast-2.amazonaws.com/branch_id_6/immunization_completion_report.csv to downloads/immunization_completion_report.csv,success
2024-09-22 12:13:06,upload,Uploading immunization_recommendation_report.csv to https://ocr-swingbell.s3.ap-southeast-2.amazonaws.com/branch_id_6/immunization_recommendation_report.csv,success
2024-09-22 12:13:07,upload,Uploading 6_log_file.csv to https://ocr-swingbell.s3.ap-southeast-2.amazonaws.com/branch_id_6/6_log_file.csv,success
2024-09-22 12:13:08,download,Downloading https://ocr-swingbell.s3.ap-southeast-2.amazonaws.com/branch_id_6/immunization_recommendation_report.csv to downloads/immunization_recommendation_report.csv,success
2024-09-22 12:13:08,upload,Uploading immunization_report_report.csv to https://ocr-swingbell.s3.ap-southeast-2.amazonaws.com/branch_id_6/immunization_report_report.csv,success
2024-09-22 12:13:09,upload,Uploading 6_log_file.csv to https://ocr-swingbell.s3.ap-southeast-2.amazonaws.com/branch_id_6/6_log_file.csv,success
2024-09-22 12:13:09,download,Downloading https://ocr-swingbell.s3.ap-southeast-2.amazonaws.com/branch_id_6/immunization_report_report.csv to downloads/immunization_report_report.csv,success
2024-09-22 12:13:10,upload,Uploading immunization_report_immunization_completion_report.csv to https://ocr-swingbell.s3.ap-southeast-2.amazonaws.com/branch_id_6/immunization_report_immunization_completion_report.csv,success
2024-09-22 12:13:10,upload,Uploading 6_log_file.csv to https://ocr-swingbell.s3.ap-southeast-2.amazonaws.com/branch_id_6/6_log_file.csv,success
2024-09-22 12:13:12,download,Downloading https://ocr-swingbell.s3.ap-southeast-2.amazonaws.com/branch_id_6/immunization_report_immunization_completion_report.csv to downloads/immunization_report_immunization_completion_report.csv,success
2024-09-22 12:13:13,upload,Uploading immunization_report_immunization_recommendation_report.csv to https://ocr-swingbell.s3.ap-southeast-2.amazonaws.com/branch_id_6/immunization_report_immunization_recommendation_report.csv,success
2024-09-22 12:13:13,upload,Uploading 6_log_file.csv to https://ocr-swingbell.s3.ap-southeast-2.amazonaws.com/branch_id_6/6_log_file.csv,success
2024-09-22 12:13:13,download,Downloading https://ocr-swingbell.s3.ap-southeast-2.amazonaws.com/branch_id_6/immunization_report_immunization_recommendation_report.csv to downloads/immunization_report_immunization_recommendation_report.csv,success
2024-09-22 12:13:14,upload,Uploading prescription_report.csv to https://ocr-swingbell.s3.ap-southeast-2.amazonaws.com/branch_id_6/prescription_report.csv,success
2024-09-22 12:13:15,upload,Uploading 6_log_file.csv to https://ocr-swingbell.s3.ap-southeast-2.amazonaws.com/branch_id_6/6_log_file.csv,success
2024-09-22 12:13:15,download,Downloading https://ocr-swingbell.s3.ap-southeast-2.amazonaws.com/branch_id_6/prescription_report.csv to downloads/prescription_report.csv,success
2024-09-22 12:13:16,upload,Uploading prescription_condition_report.csv to https://ocr-swingbell.s3.ap-southeast-2.amazonaws.com/branch_id_6/prescription_condition_report.csv,success
2024-09-22 12:13:16,upload,Uploading 6_log_file.csv to https://ocr-swingbell.s3.ap-southeast-2.amazonaws.com/branch_id_6/6_log_file.csv,success
2024-09-22 12:13:17,download,Downloading https://ocr-swingbell.s3.ap-southeast-2.amazonaws.com/branch_id_6/prescription_condition_report.csv to downloads/prescription_condition_report.csv,success
2024-09-22 12:13:17,upload,Uploading prescription_medication_report.csv to https://ocr-swingbell.s3.ap-southeast-2.amazonaws.com/branch_id_6/prescription_medication_report.csv,success
2024-09-22 12:13:18,upload,Uploading 6_log_file.csv to https://ocr-swingbell.s3.ap-southeast-2.amazonaws.com/branch_id_6/6_log_file.csv,success
2024-09-22 12:13:19,download,Downloading https://ocr-swingbell.s3.ap-southeast-2.amazonaws.com/branch_id_6/prescription_medication_report.csv to downloads/prescription_medication_report.csv,success
2024-09-22 12:13:19,upload,Uploading prescription_prescription_condition_report.csv to https://ocr-swingbell.s3.ap-southeast-2.amazonaws.com/branch_id_6/prescription_prescription_condition_report.csv,success
2024-09-22 12:13:20,upload,Uploading 6_log_file.csv to https://ocr-swingbell.s3.ap-southeast-2.amazonaws.com/branch_id_6/6_log_file.csv,success
2024-09-22 12:13:20,download,Downloading https://ocr-swingbell.s3.ap-southeast-2.amazonaws.com/branch_id_6/prescription_prescription_condition_report.csv to downloads/prescription_prescription_condition_report.csv,success
2024-09-22 12:13:21,upload,Uploading prescription_prescription_medication_report.csv to https://ocr-swingbell.s3.ap-southeast-2.amazonaws.com/branch_id_6/prescription_prescription_medication_report.csv,success
2024-09-22 12:13:21,upload,Uploading 6_log_file.csv to https://ocr-swingbell.s3.ap-southeast-2.amazonaws.com/branch_id_6/6_log_file.csv,success
2024-09-22 12:13:22,download,Downloading https://ocr-swingbell.s3.ap-southeast-2.amazonaws.com/branch_id_6/prescription_prescription_medication_report.csv to downloads/prescription_prescription_medication_report.csv,success
2024-09-22 12:13:23,upload,Uploading combined_prescription_report.csv to https://ocr-swingbell.s3.ap-southeast-2.amazonaws.com/branch_id_6/combined_prescription_report.csv,success
2024-09-22 12:13:23,upload,Uploading 6_log_file.csv to https://ocr-swingbell.s3.ap-southeast-2.amazonaws.com/branch_id_6/6_log_file.csv,success
2024-09-22 12:13:25,download,Downloading https://ocr-swingbell.s3.ap-southeast-2.amazonaws.com/branch_id_6/combined_prescription_report.csv to downloads/combined_prescription_report.csv,success
2024-09-22 12:13:26,upload,Uploading patient_care_consultations_report.csv to https://ocr-swingbell.s3.ap-southeast-2.amazonaws.com/branch_id_6/patient_care_consultations_report.csv,success
2024-09-22 12:13:26,upload,Uploading 6_log_file.csv to https://ocr-swingbell.s3.ap-southeast-2.amazonaws.com/branch_id_6/6_log_file.csv,success
2024-09-22 12:13:27,download,Downloading https://ocr-swingbell.s3.ap-southeast-2.amazonaws.com/branch_id_6/patient_care_consultations_report.csv to downloads/patient_care_consultations_report.csv,success
2024-09-22 12:13:27,upload,Uploading patient_care_consumables_report.csv to https://ocr-swingbell.s3.ap-southeast-2.amazonaws.com/branch_id_6/patient_care_consumables_report.csv,success
2024-09-22 12:13:28,upload,Uploading 6_log_file.csv to https://ocr-swingbell.s3.ap-southeast-2.amazonaws.com/branch_id_6/6_log_file.csv,success
2024-09-22 12:13:29,download,Downloading https://ocr-swingbell.s3.ap-southeast-2.amazonaws.com/branch_id_6/patient_care_consumables_report.csv to downloads/patient_care_consumables_report.csv,success
2024-09-22 12:13:29,upload,Uploading patient_care_lab_tests_report.csv to https://ocr-swingbell.s3.ap-southeast-2.amazonaws.com/branch_id_6/patient_care_lab_tests_report.csv,success
2024-09-22 12:13:30,upload,Uploading 6_log_file.csv to https://ocr-swingbell.s3.ap-southeast-2.amazonaws.com/branch_id_6/6_log_file.csv,success
2024-09-22 12:13:30,download,Downloading https://ocr-swingbell.s3.ap-southeast-2.amazonaws.com/branch_id_6/patient_care_lab_tests_report.csv to downloads/patient_care_lab_tests_report.csv,success
2024-09-22 12:13:31,upload,Uploading patient_care_vaccinations_report.csv to https://ocr-swingbell.s3.ap-southeast-2.amazonaws.com/branch_id_6/patient_care_vaccinations_report.csv,success
2024-09-22 12:13:31,upload,Uploading 6_log_file.csv to https://ocr-swingbell.s3.ap-southeast-2.amazonaws.com/branch_id_6/6_log_file.csv,success
2024-09-22 12:13:32,download,Downloading https://ocr-swingbell.s3.ap-southeast-2.amazonaws.com/branch_id_6/patient_care_vaccinations_report.csv to downloads/patient_care_vaccinations_report.csv,success
2024-09-22 12:13:32,upload,Uploading patient_care_vitals_report.csv to https://ocr-swingbell.s3.ap-southeast-2.amazonaws.com/branch_id_6/patient_care_vitals_report.csv,success
2024-09-22 12:13:33,upload,Uploading 6_log_file.csv to https://ocr-swingbell.s3.ap-southeast-2.amazonaws.com/branch_id_6/6_log_file.csv,success
2024-09-22 12:13:34,download,Downloading https://ocr-swingbell.s3.ap-southeast-2.amazonaws.com/branch_id_6/patient_care_vitals_report.csv to downloads/patient_care_vitals_report.csv,success
2024-09-22 12:13:34,upload,Uploading patient_care_report.csv to https://ocr-swingbell.s3.ap-southeast-2.amazonaws.com/branch_id_6/patient_care_report.csv,success
2024-09-22 12:13:35,upload,Uploading 6_log_file.csv to https://ocr-swingbell.s3.ap-southeast-2.amazonaws.com/branch_id_6/6_log_file.csv,success
2024-09-22 12:13:35,download,Downloading https://ocr-swingbell.s3.ap-southeast-2.amazonaws.com/branch_id_6/patient_care_report.csv to downloads/patient_care_report.csv,success
2024-09-22 12:13:36,upload,Uploading combined_patient_care_report.csv to https://ocr-swingbell.s3.ap-southeast-2.amazonaws.com/branch_id_6/combined_patient_care_report.csv,success
2024-09-22 12:13:36,upload,Uploading 6_log_file.csv to https://ocr-swingbell.s3.ap-southeast-2.amazonaws.com/branch_id_6/6_log_file.csv,success
2024-09-22 12:13:37,download,Downloading https://ocr-swingbell.s3.ap-southeast-2.amazonaws.com/branch_id_6/combined_patient_care_report.csv to downloads/combined_patient_care_report.csv,success
2024-09-22 12:13:37,upload,Uploading consultation_report.csv to https://ocr-swingbell.s3.ap-southeast-2.amazonaws.com/branch_id_6/consultation_report.csv,success
2024-09-22 12:13:38,upload,Uploading 6_log_file.csv to https://ocr-swingbell.s3.ap-southeast-2.amazonaws.com/branch_id_6/6_log_file.csv,success
2024-09-22 12:13:38,download,Downloading https://ocr-swingbell.s3.ap-southeast-2.amazonaws.com/branch_id_6/consultation_report.csv to downloads/consultation_report.csv,success
2024-09-22 12:13:39,upload,Uploading consumables_report.csv to https://ocr-swingbell.s3.ap-southeast-2.amazonaws.com/branch_id_6/consumables_report.csv,success
2024-09-22 12:13:39,upload,Uploading 6_log_file.csv to https://ocr-swingbell.s3.ap-southeast-2.amazonaws.com/branch_id_6/6_log_file.csv,success
2024-09-22 12:13:40,download,Downloading https://ocr-swingbell.s3.ap-southeast-2.amazonaws.com/branch_id_6/consumables_report.csv to downloads/consumables_report.csv,success
2024-09-22 12:13:42,upload,Uploading vital_info_report.csv to https://ocr-swingbell.s3.ap-southeast-2.amazonaws.com/branch_id_6/vital_info_report.csv,success
2024-09-22 12:13:43,upload,Uploading 6_log_file.csv to https://ocr-swingbell.s3.ap-southeast-2.amazonaws.com/branch_id_6/6_log_file.csv,success
2024-09-22 12:13:44,download,Downloading https://ocr-swingbell.s3.ap-southeast-2.amazonaws.com/branch_id_6/vital_info_report.csv to downloads/vital_info_report.csv,success
2024-09-22 12:13:44,upload,Uploading vaccination_report.csv to https://ocr-swingbell.s3.ap-southeast-2.amazonaws.com/branch_id_6/vaccination_report.csv,success
2024-09-22 12:13:45,upload,Uploading 6_log_file.csv to https://ocr-swingbell.s3.ap-southeast-2.amazonaws.com/branch_id_6/6_log_file.csv,success
2024-09-22 12:13:45,download,Downloading https://ocr-swingbell.s3.ap-southeast-2.amazonaws.com/branch_id_6/vaccination_report.csv to downloads/vaccination_report.csv,success
2024-09-22 12:13:46,upload,Uploading vital_detail_report.csv to https://ocr-swingbell.s3.ap-southeast-2.amazonaws.com/branch_id_6/vital_detail_report.csv,success
2024-09-22 12:13:47,upload,Uploading 6_log_file.csv to https://ocr-swingbell.s3.ap-southeast-2.amazonaws.com/branch_id_6/6_log_file.csv,success
2024-09-22 12:13:48,download,Downloading https://ocr-swingbell.s3.ap-southeast-2.amazonaws.com/branch_id_6/vital_detail_report.csv to downloads/vital_detail_report.csv,success
2024-09-22 12:13:48,upload,Uploading patient_profile_report.csv to https://ocr-swingbell.s3.ap-southeast-2.amazonaws.com/branch_id_6/patient_profile_report.csv,success
2024-09-22 12:13:49,upload,Uploading 6_log_file.csv to https://ocr-swingbell.s3.ap-southeast-2.amazonaws.com/branch_id_6/6_log_file.csv,success
2024-09-22 12:13:52,download,Downloading https://ocr-swingbell.s3.ap-southeast-2.amazonaws.com/branch_id_6/patient_profile_report.csv to downloads/patient_profile_report.csv,success
2024-09-22 12:13:52,upload,Uploading patient_queue_report.csv to https://ocr-swingbell.s3.ap-southeast-2.amazonaws.com/branch_id_6/patient_queue_report.csv,success
2024-09-22 12:13:53,upload,Uploading 6_log_file.csv to https://ocr-swingbell.s3.ap-southeast-2.amazonaws.com/branch_id_6/6_log_file.csv,success
2024-09-22 12:13:53,download,Downloading https://ocr-swingbell.s3.ap-southeast-2.amazonaws.com/branch_id_6/patient_queue_report.csv to downloads/patient_queue_report.csv,success
2024-09-22 12:13:54,upload,Uploading patient_visit_report.csv to https://ocr-swingbell.s3.ap-southeast-2.amazonaws.com/branch_id_6/patient_visit_report.csv,success
2024-09-22 12:13:55,upload,Uploading 6_log_file.csv to https://ocr-swingbell.s3.ap-southeast-2.amazonaws.com/branch_id_6/6_log_file.csv,success
2024-09-22 12:13:56,download,Downloading https://ocr-swingbell.s3.ap-southeast-2.amazonaws.com/branch_id_6/patient_visit_report.csv to downloads/patient_visit_report.csv,success
2024-09-22 12:13:56,upload,Uploading op_consultation_report.csv to https://ocr-swingbell.s3.ap-southeast-2.amazonaws.com/branch_id_6/op_consultation_report.csv,success
2024-09-22 12:13:57,upload,Uploading 6_log_file.csv to https://ocr-swingbell.s3.ap-southeast-2.amazonaws.com/branch_id_6/6_log_file.csv,success
2024-09-22 12:13:57,download,Downloading https://ocr-swingbell.s3.ap-southeast-2.amazonaws.com/branch_id_6/op_consultation_report.csv to downloads/op_consultation_report.csv,success
2024-09-22 12:13:58,upload,Uploading medical_history_report.csv to https://ocr-swingbell.s3.ap-southeast-2.amazonaws.com/branch_id_6/medical_history_report.csv,success
2024-09-22 12:13:58,upload,Uploading 6_log_file.csv to https://ocr-swingbell.s3.ap-southeast-2.amazonaws.com/branch_id_6/6_log_file.csv,success
2024-09-22 12:13:59,download,Downloading https://ocr-swingbell.s3.ap-southeast-2.amazonaws.com/branch_id_6/medical_history_report.csv to downloads/medical_history_report.csv,success
2024-09-22 12:14:00,upload,Uploading consent_request_report.csv to https://ocr-swingbell.s3.ap-southeast-2.amazonaws.com/branch_id_6/consent_request_report.csv,success
2024-09-22 12:14:01,upload,Uploading 6_log_file.csv to https://ocr-swingbell.s3.ap-southeast-2.amazonaws.com/branch_id_6/6_log_file.csv,success
2024-09-22 12:14:03,download,Downloading https://ocr-swingbell.s3.ap-southeast-2.amazonaws.com/branch_id_6/consent_request_report.csv to downloads/consent_request_report.csv,success
2024-09-22 12:14:04,upload,Uploading consolidated_report_report.csv to https://ocr-swingbell.s3.ap-southeast-2.amazonaws.com/branch_id_6/consolidated_report_report.csv,success
2024-09-22 12:14:04,upload,Uploading 6_log_file.csv to https://ocr-swingbell.s3.ap-southeast-2.amazonaws.com/branch_id_6/6_log_file.csv,success
2024-09-22 12:14:05,download,Downloading https://ocr-swingbell.s3.ap-southeast-2.amazonaws.com/branch_id_6/consolidated_report_report.csv to downloads/consolidated_report_report.csv,success
2024-09-22 12:14:06,upload,Uploading discover_and_link_report.csv to https://ocr-swingbell.s3.ap-southeast-2.amazonaws.com/branch_id_6/discover_and_link_report.csv,success
2024-09-22 12:14:07,upload,Uploading 6_log_file.csv to https://ocr-swingbell.s3.ap-southeast-2.amazonaws.com/branch_id_6/6_log_file.csv,success
2024-09-22 12:14:07,download,Downloading https://ocr-swingbell.s3.ap-southeast-2.amazonaws.com/branch_id_6/discover_and_link_report.csv to downloads/discover_and_link_report.csv,success
2024-09-22 12:14:08,upload,Uploading health_professional_report.csv to https://ocr-swingbell.s3.ap-southeast-2.amazonaws.com/branch_id_6/health_professional_report.csv,success
2024-09-22 12:14:08,upload,Uploading 6_log_file.csv to https://ocr-swingbell.s3.ap-southeast-2.amazonaws.com/branch_id_6/6_log_file.csv,success
2024-09-22 12:14:09,download,Downloading https://ocr-swingbell.s3.ap-southeast-2.amazonaws.com/branch_id_6/health_professional_report.csv to downloads/health_professional_report.csv,success
2024-09-22 12:14:09,upload,Uploading hip_data_push_notification_report.csv to https://ocr-swingbell.s3.ap-southeast-2.amazonaws.com/branch_id_6/hip_data_push_notification_report.csv,success
2024-09-22 12:14:10,upload,Uploading 6_log_file.csv to https://ocr-swingbell.s3.ap-southeast-2.amazonaws.com/branch_id_6/6_log_file.csv,success
2024-09-22 12:14:10,download,Downloading https://ocr-swingbell.s3.ap-southeast-2.amazonaws.com/branch_id_6/hip_data_push_notification_report.csv to downloads/hip_data_push_notification_report.csv,success
2024-09-22 12:14:11,upload,Uploading hip_data_push_request_report.csv to https://ocr-swingbell.s3.ap-southeast-2.amazonaws.com/branch_id_6/hip_data_push_request_report.csv,success
2024-09-22 12:14:11,upload,Uploading 6_log_file.csv to https://ocr-swingbell.s3.ap-southeast-2.amazonaws.com/branch_id_6/6_log_file.csv,success
2024-09-22 12:14:12,download,Downloading https://ocr-swingbell.s3.ap-southeast-2.amazonaws.com/branch_id_6/hip_data_push_request_report.csv to downloads/hip_data_push_request_report.csv,success
2024-09-22 12:14:12,upload,Uploading combined_facility_report.csv to https://ocr-swingbell.s3.ap-southeast-2.amazonaws.com/branch_id_6/combined_facility_report.csv,success
2024-09-22 12:14:13,upload,Uploading 6_log_file.csv to https://ocr-swingbell.s3.ap-southeast-2.amazonaws.com/branch_id_6/6_log_file.csv,success
2024-09-22 12:14:13,download,Downloading https://ocr-swingbell.s3.ap-southeast-2.amazonaws.com/branch_id_6/combined_facility_report.csv to downloads/combined_facility_report.csv,success
